Datetime,Ticker,Open,High,Low,Close,Volume,Dividends,Stock Splits,Sector,Percent Change,SMA_20,SMA_50,Buy RSI,Sell RSI,Price Change,Gain,Loss,Avg Gain,Avg Loss,RS,RSI,Middle Band,Standard Deviation,Upper Band,Lower Band,EMA_20,EMA_50,MACD,MACD Line,MFM,MFV,CMF,Low_min,High_max,%K,%D,Signal,SMA_Signal,RSI_Signal,BB_Signal,CMF_Signal,STO_Signal,Total Percent Change
2025-01-02 09:30:00-05:00,TDG,1271.8599853515625,1272.0450439453125,1253.4200439453125,1259.6800537109375,47273,0.0,0.0,industrials,,,,25,90,,0.0,-0.0,,,,,,,,,1259.6800537109375,1259.6800537109375,0.0,0.0,-0.32778418624161076,-15495.341836199666,,,,,,0,0,0,0,0,0,
2025-01-02 10:30:00-05:00,TDG,1259.5899658203125,1261.2850341796875,1255.449951171875,1258.97998046875,29152,0.0,0.0,industrials,-0.05557548046626337,,,25,90,-0.7000732421875,0.0,0.7000732421875,,,,,,,,,1259.6133800688244,1259.652599858303,-0.06986177884618883,-0.013972355769237766,0.2099328465931675,6119.962343884019,,,,,,0,0,0,0,0,0,
2025-01-02 11:30:00-05:00,TDG,1259.35498046875,1264.5699462890625,1255.719970703125,1256.550048828125,32670,0.0,0.0,industrials,-0.19300796504486684,,,25,90,-2.429931640625,0.0,2.429931640625,,,,,,,,,1259.321634236377,1259.530931190453,-0.36768726011518993,-0.0847153366384282,-0.8124112056718024,-26541.474089297782,-0.32922547854267775,,,,,0,0,0,0,1,0,
2025-01-02 12:30:00-05:00,TDG,1255.0,1255.0,1245.3349609375,1251.135009765625,37732,0.0,0.0,industrials,-0.4309449565936596,,,25,90,-5.4150390625,0.0,5.4150390625,,,,,,,,,1258.541955715353,1259.2016793698715,-1.143391909279444,-0.2964506511666314,0.20021218551076084,7554.406183692028,-0.12924749946483047,,,,,0,0,0,0,1,0,
2025-01-02 13:30:00-05:00,TDG,1249.010009765625,1253.364990234375,1247.550048828125,1252.0899658203125,17003,0.0,0.0,industrials,0.07632717870043049,,,25,90,0.9549560546875,0.9549560546875,-0.0,,,,,,,,,1257.927480487254,1258.9227886424378,-1.6594726403939148,-0.5690550490120881,0.5614661180619699,9546.608405407675,-0.10800823179678597,,,,,0,0,0,0,1,0,
2025-01-02 14:30:00-05:00,TDG,1252.0899658203125,1254.0400390625,1250.0999755859375,1253.25,22466,0.0,0.0,industrials,0.09264782973701369,,,25,90,1.1600341796875,1.1600341796875,-0.0,,,,,,,,,1257.4820061551345,1258.7003263427346,-1.9429893769690807,-0.8438419146034868,0.5989714037859777,13456.491557455774,0.39581749130912136,,,,,0,0,0,0,-1,0,
2025-01-02 15:30:00-05:00,TDG,1253.3699951171875,1255.52001953125,1249.780029296875,1254.4100341796875,60937,0.0,0.0,industrials,0.09256207298524721,,,25,90,1.1600341796875,1.1600341796875,-0.0,,,,,,,,,1257.1894373955681,1258.5320795912426,-2.038000490167633,-1.0826736297163162,0.6132448641061631,37369.30228403726,0.6012828142431798,,,,,0,0,0,0,-1,0,
2025-01-03 09:30:00-05:00,TDG,1256.9000244140625,1279.9599609375,1256.9000244140625,1274.780029296875,26063,0.0,0.0,industrials,1.6238705496730343,,,25,90,20.3699951171875,20.3699951171875,-0.0,,,,,,,,,1258.8647318623593,1259.1692540895028,-0.06433627186379454,-0.879006158145812,0.5507418994531701,14353.986125447973,0.5954340157395082,,,,,0,0,0,0,-1,0,
2025-01-03 10:30:00-05:00,TDG,1275.1949462890625,1279.56005859375,1274.5999755859375,1276.675048828125,12008,0.0,0.0,industrials,0.1486546296379565,,,25,90,1.89501953125,1.89501953125,-0.0,,,,,,,,,1260.5609525257657,1259.8557558439586,1.7050587523242484,-0.36219317605179985,-0.16329092117244604,-1960.797381438732,0.5026108095108123,,,,,0,0,0,0,-1,0,
2025-01-03 11:30:00-05:00,TDG,1276.7900390625,1277.800048828125,1274.837646484375,1275.0,9292,0.0,0.0,industrials,-0.1312040076026033,,,25,90,-1.675048828125,0.0,1.675048828125,2.55400390625,1.02200927734375,2.4990026635452627,71.42042758587732,,,,,1261.9360999042642,1260.4496477716466,2.9399745642849666,0.2982403720155535,-0.8903906378770398,-8273.509807153454,0.08698095426505474,,,,,0,0,0,0,1,0,
2025-01-03 12:30:00-05:00,TDG,1275.0,1280.2099609375,1274.300048828125,1279.800048828125,14626,0.0,0.0,industrials,0.37647441789214753,,,25,90,4.800048828125,4.800048828125,-0.0,3.0340087890625,1.02200927734375,2.9686704967571638,74.80264484499006,,,,,1263.6374283732034,1261.2084870287633,4.382978791099504,1.1151880558323435,0.8612797951005907,12597.07828314124,0.0657677196055518,,,,,0,0,0,0,1,0,
2025-01-03 13:30:00-05:00,TDG,1280.9649658203125,1282.2449951171875,1274.9200439453125,1279.93994140625,14038,0.0,0.0,industrials,0.010930815188903154,,,25,90,0.139892578125,0.139892578125,-0.0,3.047998046875,0.952001953125,3.201672052110581,76.199951171875,,,,,1265.190048662065,1261.943053867096,5.515493460349262,1.9952491367357272,0.37062960370629605,5202.898376828984,0.2509871127836645,,,,,0,0,0,0,-1,0,
2025-01-03 14:30:00-05:00,TDG,1279.7149658203125,1280.8399658203125,1276.405029296875,1279.0,21630,0.0,0.0,industrials,-0.07343636805468012,,,25,90,-0.93994140625,0.0,0.93994140625,3.047998046875,0.8030029296875,3.795749597154237,79.14820238751847,,,,,1266.5052821228207,1262.6119537154455,6.2823104797250835,2.8526614053335986,0.17024029066086813,3682.2974869945774,0.42713393539914907,,,,,0,0,0,0,-1,0,
2025-01-03 15:30:00-05:00,TDG,1278.4649658203125,1278.4649658203125,1274.89501953125,1274.989990234375,47628,0.0,0.0,industrials,-0.313526955873733,,,25,90,-4.010009765625,0.0,4.010009765625,3.047998046875,0.6625,4.600751768867925,82.14525404324196,,,,,1267.3133495620164,1263.0973669122661,6.443671897169679,3.5708635037008145,-0.9467943238160369,-45093.92005471021,-0.43469943563780544,1245.3349609375,1282.2449951171875,80.3440851680243,,0,0,0,0,1,0,
2025-01-06 09:30:00-05:00,TDG,1276.6199951171875,1276.8399658203125,1252.7950439453125,1259.1650390625,67087,0.0,0.0,industrials,-1.2411823852017778,,,25,90,-15.824951171875,0.0,15.824951171875,2.95250244140625,2.2449951171875,1.3151487140449134,56.80623046228208,,,,,1266.5373199906337,1262.9431579769812,4.940037389638292,3.84469828088831,-0.47015880107221186,-31541.54348753148,-0.5350630096831355,1245.3349609375,1282.2449951171875,37.469697420684135,,0,0,0,0,1,0,
2025-01-06 10:30:00-05:00,TDG,1258.030029296875,1260.6600341796875,1254.2900390625,1255.4599609375,25712,0.0,0.0,industrials,-0.2942488085405093,,,25,90,-3.705078125,0.0,3.705078125,2.8364990234375,2.6155029296875,1.0844946840783711,52.026742613539675,,,,,1265.4823334141447,1262.6496992695504,3.3256856537586827,3.7408957554623847,-0.6326773087020677,-16267.398961347566,-0.6615740740996336,1245.3349609375,1282.2449951171875,27.431564952524578,48.415115847077665,0,0,0,0,1,0,
2025-01-06 11:30:00-05:00,TDG,1256.2099609375,1262.5860595703125,1256.2099609375,1259.9000244140625,25466,0.0,0.0,industrials,0.3536603009821837,,,25,90,4.4400634765625,4.4400634765625,-0.0,3.164501953125,2.6155029296875,1.209901895809803,54.74912248837376,,,,,1264.9506849379463,1262.5418688830607,2.44895984491518,3.482508573352944,0.1574675013880114,4010.0673903470984,-0.3703451998353861,1245.3349609375,1282.2449951171875,39.460986152589406,34.78741617526604,0,0,0,0,1,1,
2025-01-06 12:30:00-05:00,TDG,1259.0899658203125,1260.1400146484375,1256.31005859375,1259.300048828125,17248,0.0,0.0,industrials,-0.04762088850792656,,,25,90,-0.5999755859375,0.0,0.5999755859375,1.12750244140625,2.67550048828125,0.4214173932483791,29.647687952186217,,,,,1264.4125291179635,1262.414738684828,1.6669762609039935,3.119402110863154,0.5613705179282868,9682.518693227092,-0.03762915964360578,1247.550048828125,1282.2449951171875,33.86660380478571,33.586384969966566,0,0,0,0,1,1,
2025-01-06 13:30:00-05:00,TDG,1258.300048828125,1258.300048828125,1250.0150146484375,1254.6400146484375,35436,0.0,0.0,industrials,-0.37004955125857775,,,25,90,-4.6600341796875,0.0,4.6600341796875,0.93800048828125,3.14150390625,0.2985832633902204,22.993001050291298,,,,,1263.481813454199,1262.109847546146,0.5621670602536142,2.607955100741246,0.11647095224764627,4127.2646638475935,0.22802112280770045,1249.780029296875,1282.2449951171875,14.969938297368332,29.432509418247818,1,0,1,0,-1,0,7.773704327649233
2025-01-06 14:30:00-05:00,TDG,1254.760009765625,1254.760009765625,1248.3900146484375,1250.77001953125,46562,0.0,0.0,industrials,-0.3084546222026807,1263.2757629394532,,25,90,-3.8699951171875,0.0,3.8699951171875,0.93800048828125,3.36099853515625,0.2790838729828971,21.819043995297775,1263.2757629394532,10.879676778978505,1277.9633265910743,1251.308118482577,1262.271166413918,1261.665148408307,-0.7130096052694626,1.9437621595391044,-0.2527451468869172,-11768.319529348639,0.02056973407216467,1248.3900146484375,1282.2449951171875,7.029999278863489,18.622180460339177,1,0,1,0,1,0,7.773704327649233
2025-01-06 15:30:00-05:00,TDG,1250.7900390625,1251.4300537109375,1245.81494140625,1251.3900146484375,78591,0.0,0.0,industrials,0.0495690740508703,1262.861260986328,,25,90,0.6199951171875,0.6199951171875,-0.0,0.5199951171875,3.36099853515625,0.15471447301994312,13.398504706996164,1262.861260986328,11.177716600649564,1277.951178397205,1250.5657727256134,1261.234866245777,1261.2622019863516,-1.6658811482636793,1.2218334979785477,0.9857388204091393,77470.19963477466,0.43483143160038124,1245.81494140625,1282.2449951171875,15.303499924606697,12.434479166946174,1,-2,1,0,-1,1,7.773704327649233
2025-01-07 09:30:00-05:00,TDG,1248.8599853515625,1255.93994140625,1242.489990234375,1254.52001953125,39379,0.0,0.0,industrials,0.2501222517499402,1262.6382629394532,,25,90,3.1300048828125,3.1300048828125,-0.0,0.81900634765625,3.36099853515625,0.24367947176691498,19.593430405401463,1262.6382629394532,11.303010841694679,1277.897327575741,1250.204951013589,1260.5953570348697,1260.997802674387,-2.10237134594513,0.5569925291938123,0.7888584342270062,31064.456281425275,0.5881307975764671,1242.489990234375,1282.2449951171875,30.26041458763852,17.531304597036236,1,-2,1,0,-1,1,7.773704327649233
2025-01-07 10:30:00-05:00,TDG,1253.0,1263.18994140625,1248.4100341796875,1260.0,15954,0.0,0.0,industrials,0.43681889355560166,1262.8107604980469,,25,90,5.47998046875,5.47998046875,-0.0,1.36700439453125,3.26700439453125,0.41842747344311054,29.499391493554043,1262.8107604980469,11.231304933743244,1277.9730221586003,1250.4563250709293,1260.5386563648822,1260.9586731577444,-1.887402901503492,0.06811344305435141,0.5683408079156239,9067.309249485865,0.87812464655839,1242.489990234375,1282.2449951171875,44.04479339705779,29.869569303101002,0,-2,0,0,-1,1,7.773704327649233
2025-01-07 11:30:00-05:00,TDG,1257.2650146484375,1261.5989990234375,1255.6199951171875,1258.719970703125,12688,0.0,0.0,industrials,-0.10158962673610938,1263.190008544922,,25,90,-1.280029296875,0.0,1.280029296875,1.36700439453125,2.99400634765625,0.456580326090945,31.346045110761537,1263.190008544922,10.940597559306102,1277.9598152499852,1251.1553512296853,1260.3654482066197,1260.8708809046223,-1.8273799150874765,-0.3109852285740142,0.03695385871784402,468.8705594120049,0.5968838460228924,1242.489990234375,1282.2449951171875,40.82499930912296,38.37673576460642,0,-2,0,0,-1,1,7.773704327649233
2025-01-07 12:30:00-05:00,TDG,1259.0799560546875,1259.324951171875,1256.719970703125,1259.155029296875,7943,0.0,0.0,industrials,0.034563572826051825,1263.54326171875,,25,90,0.43505859375,0.43505859375,-0.0,1.41051025390625,1.41151123046875,0.9992908476100699,49.982264901808115,1263.54326171875,10.67414775862647,1277.9533611928957,1251.801699184261,1260.2501702152153,1260.8035926062792,-1.7207246511984522,-0.5929331130989018,0.8695407685098406,6906.7623242736645,0.44944491275581655,1242.489990234375,1282.2449951171875,41.919348549004674,42.26304708506181,0,-2,0,0,-1,0,7.773704327649233
2025-01-07 13:30:00-05:00,TDG,1259.155029296875,1261.449951171875,1252.97998046875,1253.530029296875,18406,0.0,0.0,industrials,-0.4467281525405986,1263.5572631835937,,25,90,-5.625,0.0,5.625,1.41051025390625,1.60350341796875,0.8796428109227384,46.79840264389975,1263.5572631835937,10.660109713541932,1277.9484112968753,1251.8311424986975,1259.610156794421,1260.5183548294397,-2.182377093606192,-0.9108219092003599,-0.8701178912172485,-16015.389905744676,-0.22132225893534319,1242.489990234375,1280.8399658203125,28.787603887154123,37.17731724842725,0,-2,0,0,1,0,7.773704327649233
2025-01-07 14:30:00-05:00,TDG,1253.5999755859375,1254.2550048828125,1251.43994140625,1252.3499755859375,27567,0.0,0.0,industrials,-0.09413844769234903,1263.4542602539063,,25,90,-1.1800537109375,0.0,1.1800537109375,0.96650390625,1.7215087890625,0.5614283890913733,35.95607669321804,1263.4542602539063,10.762606189381296,1277.9837786095711,1251.615393445587,1258.9187109650418,1260.1980262316551,-2.651502374432539,-1.2589580022467959,-0.3534538831793938,-9743.663197606349,-0.34966041210544824,1242.489990234375,1278.4649658203125,27.407900049880052,32.704950828679614,0,-2,0,0,1,0,7.773704327649233
2025-01-07 15:30:00-05:00,TDG,1251.9849853515625,1254.449951171875,1251.260009765625,1253.72998046875,25474,0.0,0.0,industrials,0.11019322950573951,1262.4017578125,,25,90,1.3800048828125,1.3800048828125,-0.0,1.10450439453125,1.66151123046875,0.6647589100072735,39.93124205620675,1262.4017578125,10.625127845443812,1276.745680403849,1250.7141171825117,1258.4245461558712,1259.944377378208,-2.867234160805765,-1.5806132339585897,0.5485994183376703,13975.021582733814,-0.1649338883454476,1242.489990234375,1276.8399658203125,32.72197444872866,29.639159461920944,0,-2,0,0,1,1,7.773704327649233
2025-01-08 09:30:00-05:00,TDG,1255.52001953125,1262.010009765625,1240.3399658203125,1248.22998046875,104237,0.0,0.0,industrials,-0.43869095305064665,1260.9795043945312,,25,90,-5.5,0.0,5.5,1.10450439453125,1.7455078125,0.6327696654358286,38.75437416746262,1260.9795043945312,10.517228556976939,1275.17776294645,1249.4105529818567,1257.4536351380502,1259.4849892641116,-3.564921897002023,-1.9774749665672764,-0.27180446257062546,-28332.081764974286,-0.15323645633748398,1240.3399658203125,1263.18994140625,34.52964148151314,31.55317199337395,0,-2,0,0,1,1,7.773704327649233
2025-01-08 10:30:00-05:00,TDG,1250.8050537109375,1265.1800537109375,1249.68994140625,1262.9749755859375,19916,0.0,0.0,industrials,1.181272309422532,1260.3782531738282,,25,90,14.7449951171875,14.7449951171875,-0.0,2.57900390625,1.35850830078125,1.8984086477549444,65.49830884700879,1260.3782531738282,10.00475513658898,1273.8846726082234,1249.3730225235804,1257.9794770854683,1259.6218514728107,-2.622282240499999,-2.1064364213538207,0.7152921706923047,14245.75887150794,-0.0007438584662695573,1240.3399658203125,1265.1800537109375,91.12290530247186,52.791507077571225,0,-2,0,0,1,1,7.773704327649233
2025-01-08 11:30:00-05:00,TDG,1264.72998046875,1273.449951171875,1262.760009765625,1270.0,19960,0.0,0.0,industrials,0.5562283140885915,1259.888250732422,,25,90,7.0250244140625,7.0250244140625,-0.0,3.2195068359375,1.35850830078125,2.3698838160105673,70.3253864347214,1259.888250732422,9.212055028793802,1272.3245250212935,1249.7549902007488,1259.1242887916142,1260.0288376895633,-1.1449297070482771,-1.9141350784927122,0.3545425478463436,7076.669255013018,-0.04863998139274952,1240.3399658203125,1273.449951171875,89.58033011720377,71.74429230039625,0,-2,0,0,1,1,7.773704327649233
2025-01-08 12:30:00-05:00,TDG,1271.0899658203125,1278.14501953125,1271.0899658203125,1278.14501953125,13320,0.0,0.0,industrials,0.6413401205708658,1259.7985046386718,,25,90,8.14501953125,8.14501953125,-0.0,3.72100830078125,1.35850830078125,2.7390397972845477,73.25516565172045,1259.7985046386718,9.013018129014945,1271.966079112842,1249.8841846967555,1260.9357869572937,1260.7392761931587,0.8598964503471507,-1.3593287727247398,1.0,13320.0,0.6512224251169444,1240.3399658203125,1278.14501953125,100.0,93.56774513989188,0,-2,0,-1,-1,1,7.773704327649233
2025-01-08 13:30:00-05:00,TDG,1277.1199951171875,1281.5400390625,1274.52001953125,1279.6600341796875,27585,0.0,0.0,industrials,0.11853229682756705,1259.8315063476562,,25,90,1.5150146484375,1.5150146484375,-0.0,3.32451171875,1.35850830078125,2.447178067913271,70.99076461096934,1259.8315063476562,9.087923071819002,1272.1002024946117,1249.8347909686552,1262.7190485975216,1261.4812667024344,2.6086265707644998,-0.5657377040268919,0.46438756346943033,12810.130938304235,0.5455812074807733,1240.3399658203125,1281.5400390625,95.4368894643434,95.00573986051573,0,-2,0,-1,-1,1,7.773704327649233
2025-01-08 14:30:00-05:00,TDG,1279.469970703125,1282.02001953125,1276.989990234375,1279.4100341796875,24084,0.0,0.0,industrials,-0.019536438844891535,1260.052508544922,,25,90,-0.25,0.0,0.25,3.32451171875,1.25550537109375,2.6479470301698576,72.58732125961167,1260.052508544922,9.51945058213495,1272.9037668308042,1249.5811129045735,1264.3086662720136,1262.184355623111,3.9616964046058456,0.33974911769965555,-0.03776149104499345,-909.4477503276222,0.38807618501556623,1240.3399658203125,1282.02001953125,93.73804705324169,96.39164550586169,0,-2,0,-1,-1,0,7.773704327649233
2025-01-08 15:30:00-05:00,TDG,1279.5550537109375,1284.199951171875,1278.7099609375,1281.760009765625,46815,0.0,0.0,industrials,0.18367650113391143,1261.1822570800782,,25,90,2.3499755859375,2.3499755859375,-0.0,3.51600341796875,1.25550537109375,2.8004686390992792,73.68745554924504,1261.1822570800782,10.678754659404445,1275.5985758702743,1249.4356269547334,1265.970698985691,1262.9520283345823,5.246278376612963,1.3210549694823173,0.11113087561702317,5202.591942010939,0.1736655205920512,1240.3399658203125,1284.199951171875,94.43697623997707,94.53730425252071,0,-2,0,-1,-1,0,7.773704327649233
2025-01-10 09:30:00-05:00,TDG,1273.449951171875,1287.199951171875,1261.3199462890625,1269.7650146484375,45582,0.0,0.0,industrials,-0.9358222308231356,1261.897509765625,,25,90,-11.9949951171875,0.0,11.9949951171875,3.51600341796875,1.8925048828125,1.8578569862094765,65.00874589507183,1261.897509765625,10.754111934975068,1276.4155608778415,1250.0679866371524,1266.3320623821428,1263.2192042684592,5.033844239588689,2.0636128235035915,-0.34736732874547777,-15833.697578876368,-0.09907670252824953,1240.3399658203125,1287.199951171875,62.79355105932369,83.65619145084749,0,-2,0,0,1,0,7.773704327649233
2025-01-10 10:30:00-05:00,TDG,1271.199951171875,1273.050048828125,1267.3499755859375,1268.93994140625,33026,0.0,0.0,industrials,-0.06497841983903463,1262.3495056152344,,25,90,-0.8250732421875,0.0,0.8250732421875,3.51600341796875,1.8570068359375,1.8933712843300947,65.43824135478931,1262.3495056152344,10.855237487793044,1277.004076223755,1250.408744378662,1266.5804318130101,1263.4435469013138,4.739611317888603,2.598812522380594,-0.44212442445657996,-14601.60124210301,-0.20118085900487487,1240.3399658203125,1287.199951171875,61.032830828624796,72.75445270930852,0,-2,0,0,1,0,7.773704327649233
2025-01-10 11:30:00-05:00,TDG,1268.89501953125,1269.6949462890625,1263.6099853515625,1266.06005859375,22106,0.0,0.0,industrials,-0.2269518610398924,1262.6875061035157,,25,90,-2.8798828125,0.0,2.8798828125,3.3780029296875,2.1449951171875,1.5748301255420616,61.162486407157566,1262.6875061035157,10.8605310704687,1277.3492230486484,1250.740921926,1266.5308724587949,1263.546155202978,4.177298438208709,2.9145097055462172,-0.19471192424971914,-4304.301797464292,-0.3449331832559888,1240.3399658203125,1287.199951171875,54.8871122781516,59.57116472203336,0,-2,0,0,1,0,7.773704327649233
2025-01-10 12:30:00-05:00,TDG,1267.3499755859375,1272.780029296875,1267.1099853515625,1271.3299560546875,16902,0.0,0.0,industrials,0.41624387604415336,1263.5220031738281,,25,90,5.2698974609375,5.2698974609375,-0.0,3.90499267578125,1.5949951171875,2.448278765057936,71.0000244141167,1263.5220031738281,10.850839605524166,1278.1706366412857,1251.5860796077516,1266.9879280393561,1263.851402295202,4.21837000930077,3.175281766297128,0.48851428448405776,8256.868436349545,-0.14783344813862534,1240.3399658203125,1287.199951171875,66.13316244526241,60.684368517346265,0,-2,0,0,1,1,7.773704327649233
2025-01-10 13:30:00-05:00,TDG,1270.22998046875,1274.905029296875,1266.06005859375,1269.6800537109375,22304,0.0,0.0,industrials,-0.12977766597037643,1264.4675048828126,,25,90,-1.64990234375,0.0,1.64990234375,2.4304931640625,1.7599853515625,1.3809735188447614,58.00037286911129,1264.4675048828126,10.499380214075183,1278.641668171814,1252.91818664733,1267.2443209604592,1264.079976860525,4.051517124338943,3.3505288379054914,-0.1814568439647796,-4047.213447790444,-0.0015436914291683968,1240.3399658203125,1287.199951171875,62.61224298408084,61.21083923583162,0,-2,0,0,1,1,7.773704327649233
2025-01-10 14:30:00-05:00,TDG,1267.3399658203125,1270.5799560546875,1260.760009765625,1264.1600341796875,28494,0.0,0.0,industrials,-0.43475673380206636,1265.106005859375,,25,90,-5.52001953125,0.0,5.52001953125,1.72799072265625,2.3119873046875,0.74740493563818,42.77228021936517,1265.106005859375,10.040504365021263,1278.6606867521537,1254.0614510578516,1266.9505793622905,1264.0831163632372,3.3334186488550586,3.347106800095405,-0.30752688172043013,-8762.670967741937,-0.06725282096281857,1240.3399658203125,1287.199951171875,50.83242809545766,59.85927784160031,0,-2,0,0,1,0,7.773704327649233
2025-01-10 15:30:00-05:00,TDG,1264.1600341796875,1265.1099853515625,1260.4599609375,1262.300048828125,41068,0.0,0.0,industrials,-0.147132111542303,1265.4950073242187,,25,90,-1.8599853515625,0.0,1.8599853515625,0.91348876953125,2.49798583984375,0.36569013120922617,26.776947629066655,1265.4950073242187,9.755448344670494,1278.6648625895239,1254.764014145081,1266.50767169237,1264.0131921461739,2.545308701803833,3.1867471804370906,-0.20856850339957472,-8565.491297613735,-0.23267994375662482,1240.3399658203125,1287.199951171875,46.863187948223,53.43595300925383,0,-2,0,0,1,0,7.773704327649233
2025-01-13 09:30:00-05:00,TDG,1253.0899658203125,1267.8299560546875,1252.9453125,1262.39501953125,17982,0.0,0.0,industrials,0.007523623500849119,1265.6147583007812,,25,90,0.094970703125,0.094970703125,-0.0,0.771484375,2.49798583984375,0.30884257336232807,23.596617320365155,1265.6147583007812,9.698981738742447,1278.7083836480836,1254.9458783881646,1266.115990534168,1263.949734396569,1.9028035652718245,2.9299584574040374,0.26972567351457744,4850.207061139132,-0.14253352833108518,1249.68994140625,1287.199951171875,33.87116720146315,43.85559441504794,1,-2,1,0,1,0,7.773704327649233
2025-01-13 10:30:00-05:00,TDG,1264.2099609375,1268.7249755859375,1259.4300537109375,1265.841796875,24607,0.0,0.0,industrials,0.27303477045004243,1265.970849609375,,25,90,3.44677734375,3.44677734375,-0.0,1.116162109375,2.47298583984375,0.45134189261897356,31.09824741601848,1265.970849609375,9.562294700092657,1278.8799474545,1255.452325439273,1266.0898768523425,1264.023932925135,1.7166697205193486,2.6873007100271,0.3796228199201513,9341.378729775162,0.06725192743345539,1252.9453125,1287.199951171875,37.648869977976865,39.46107504255434,0,-2,0,0,1,0,7.773704327649233
2025-01-13 11:30:00-05:00,TDG,1265.8199462890625,1267.8900146484375,1260.010009765625,1267.8900146484375,21451,0.0,0.0,industrials,0.1618067738396567,1266.4075988769532,,25,90,2.0482177734375,2.0482177734375,-0.0,1.085986328125,2.47298583984375,0.439139727623194,30.514043855105967,1266.4075988769532,9.433213740924119,1279.1424374272008,1256.0310637619366,1266.2613185472087,1264.1755439731076,1.7578053629583792,2.501401640613356,1.0,21451.0,0.5565675482653702,1252.9453125,1287.199951171875,43.628258034167935,38.38276507120265,0,-2,0,0,-1,1,7.773704327649233
2025-01-13 12:30:00-05:00,TDG,1264.780029296875,1268.8399658203125,1264.39501953125,1268.8399658203125,20505,0.0,0.0,industrials,0.07492378367996988,1267.173095703125,,25,90,0.949951171875,0.949951171875,-0.0,1.1809814453125,1.273486328125,0.9273609140753806,48.11558163823544,1267.173095703125,8.94159355571656,1279.2442470033423,1257.3373427918368,1266.50690400179,1264.3584624769196,1.8709106792521197,2.375303448341109,1.0,20505.0,0.7706590557783631,1252.9453125,1287.199951171875,46.401462507216316,42.55953017312037,0,-2,0,0,-1,1,7.773704327649233
2025-01-13 13:30:00-05:00,TDG,1269.3699951171875,1269.5999755859375,1265.8699951171875,1267.800048828125,38511,0.0,0.0,industrials,-0.08195808929419846,1267.9455993652343,,25,90,-1.0399169921875,0.0,1.0399169921875,1.1809814453125,1.294970703125,0.9119754157083066,47.69807227727654,1267.9455993652343,8.232869785036273,1279.0599735750334,1258.8894426016943,1266.6300606519171,1264.493426647555,1.842107952497372,2.2686643491723615,0.034886765283414056,1343.5242178295587,0.538102877177347,1252.9453125,1287.199951171875,43.36561967685147,44.46511340607858,0,-2,0,0,-1,0,7.773704327649233
2025-01-13 14:30:00-05:00,TDG,1268.1500244140625,1276.4599609375,1268.1500244140625,1276.4300537109375,24237,0.0,0.0,industrials,0.6807070950020533,1269.0806030273438,,25,90,8.6300048828125,8.6300048828125,-0.0,2.04398193359375,1.006982421875,2.0298089511710224,66.99461860083622,1269.0806030273438,7.718604427049366,1279.5007190038605,1260.5901381575895,1267.5633933242048,1264.9615296696484,2.6649411183277607,2.3479197030034413,0.9928020565552699,24062.543444730076,0.5514644236551194,1252.9453125,1287.199951171875,68.55930210181958,52.77546142862912,0,-2,0,0,-1,1,7.773704327649233
2025-01-13 15:30:00-05:00,TDG,1276.719970703125,1280.469970703125,1275.1500244140625,1279.8798828125,38534,0.0,0.0,industrials,0.27027169185909194,1270.6630981445312,,25,90,3.4498291015625,3.4498291015625,-0.0,1.86197509765625,1.006982421875,1.8490641516753137,64.90075523880438,1270.6630981445312,6.340141118314447,1279.2222886542556,1263.6889429143853,1268.73639232309,1265.546563126231,3.64565380283193,2.607466522969139,0.7781602074298433,29985.62543310158,0.546905601149871,1252.9453125,1287.199951171875,78.6304318387536,63.51845120580822,0,-2,0,-1,-1,1,7.773704327649233
2025-01-14 09:30:00-05:00,TDG,1285.0899658203125,1300.5699462890625,1284.0999755859375,1299.050048828125,19671,0.0,0.0,industrials,1.4978097767658571,1272.4668518066405,1265.3890454101563,25,90,19.170166015625,19.170166015625,-0.0,3.77899169921875,0.8419921875,4.4881553003943395,81.77894127871807,1272.4668518066405,8.721997579526276,1284.241548539001,1262.8726544691617,1271.6234072283314,1266.860425310619,6.313345563897883,3.348642331154888,0.815434102666726,16040.404233557167,0.8501561474902216,1252.9453125,1300.5699462890625,96.80858971500047,81.33277455185788,0,-1,0,-1,-1,1,7.773704327649233
2025-01-14 10:30:00-05:00,TDG,1300.0,1301.8399658203125,1287.57470703125,1289.8199462890625,13901,0.0,0.0,industrials,-0.7105270922693863,1273.4578491210937,1265.9918432617187,25,90,-9.2301025390625,0.0,9.2301025390625,3.77899169921875,1.21300048828125,3.1154082259054636,75.7010739856802,1273.4578491210937,9.516729343366059,1286.3054337346377,1262.989446843391,1273.3564109484012,1267.7607986823225,7.475015052213621,4.1739168753666345,-0.6852157691616536,-9525.184407116147,0.5062109291812417,1252.9453125,1301.8399658203125,75.41649502552772,83.61850552642726,0,-1,0,-1,-1,0,7.773704327649233
2025-01-14 11:30:00-05:00,TDG,1288.0150146484375,1291.2349853515625,1286.5849609375,1288.5899658203125,13696,0.0,0.0,industrials,-0.09536063326426314,1273.9800964355468,1266.58404296875,25,90,-1.22998046875,0.0,1.22998046875,3.77899169921875,1.15,3.2860797384510874,76.66865618413851,1273.9800964355468,10.058646855471494,1287.5592696904332,1262.9155848945281,1274.807225698107,1268.5776287661654,8.219929044505761,4.98311930919446,-0.13763683616412464,-1885.0741081038511,0.09795518571416575,1252.9453125,1301.8399658203125,72.90092249310315,81.70866907787712,0,-1,0,-1,1,0,7.773704327649233
2025-01-14 12:30:00-05:00,TDG,1288.4449462890625,1300.0,1288.4449462890625,1300.0,15167,0.0,0.0,industrials,0.8854666327021921,1274.9970947265624,1267.4530419921875,25,90,11.4100341796875,11.4100341796875,-0.0,4.910498046875,1.15,4.2699983016304355,81.02466181648256,1274.9970947265624,11.576835157344341,1290.6258221889773,1262.2625760534836,1277.2065375363825,1269.8098786184728,9.886444245086977,5.963784296372964,1.0,15167.0,0.087848224786737,1252.9453125,1301.8399658203125,96.23687725474042,81.51809825779043,0,-1,0,-1,1,1,7.773704327649233
2025-01-14 13:30:00-05:00,TDG,1299.8349609375,1307.0118408203125,1299.8349609375,1305.4000244140625,14286,0.0,0.0,industrials,0.4153864933894136,1276.2965942382812,1268.5383422851562,25,90,5.4000244140625,5.4000244140625,-0.0,5.10582275390625,1.15,4.439845872961957,81.61712623200651,1276.2965942382812,13.411560708843844,1294.4022011952204,1261.543877458553,1279.891631524733,1271.2055706104568,11.677013365915172,7.106430110281405,0.550830881227357,7869.169969214023,0.49018739393984073,1252.9453125,1307.0118408203125,97.01882762528984,88.71887579104447,0,-1,0,-1,-1,1,7.773704327649233
2025-01-14 14:30:00-05:00,TDG,1305.75,1307.3900146484375,1299.1099853515625,1300.800048828125,21358,0.0,0.0,industrials,-0.35238053469488495,1277.2485961914062,1269.5125439453125,25,90,-4.5999755859375,0.0,4.5999755859375,4.9010009765625,1.60999755859375,3.0441046015270183,75.27264750712905,1277.2485961914062,14.45496359027998,1296.7627970382841,1261.3481362420982,1281.8829093631512,1272.3661383836989,12.554065818992513,8.195957252023627,-0.5917735515258735,-12639.099513489607,0.20462243324721874,1252.9453125,1307.3900146484375,87.89603843851384,93.71724777284804,0,-1,0,-1,-1,0,7.773704327649233
2025-01-14 15:30:00-05:00,TDG,1302.2900390625,1302.2900390625,1298.425048828125,1300.56494140625,24909,0.0,0.0,industrials,-0.01807406311883364,1278.788592529297,1270.4588427734375,25,90,-0.235107421875,0.0,0.235107421875,4.806005859375,1.63350830078125,2.9421373965938558,74.63305056632387,1278.788592529297,15.23532885759659,1299.3562864870523,1262.0297307859407,1283.662150510113,1273.471973796348,13.128210881173118,9.182407977853526,0.10732107889583728,2673.260754216411,-0.03462534952948916,1252.9453125,1307.3900146484375,87.46421052395569,90.79302552925311,0,-1,0,-1,1,0,7.773704327649233
2025-01-15 09:30:00-05:00,TDG,1315.219970703125,1315.3800048828125,1286.5999755859375,1290.3499755859375,54413,0.0,0.0,industrials,-0.785425279053531,1279.8590942382812,1271.1776416015625,25,90,-10.2149658203125,0.0,10.2149658203125,4.806005859375,2.55101318359375,1.8839596323075525,65.32545085591693,1279.8590942382812,15.259060869293476,1300.4588264118274,1263.0741272820583,1284.2990862316199,1274.1338562194692,12.459218461297496,9.83777007454232,-0.7394026280294869,-40233.115198968466,-0.49859906593406483,1259.4300537109375,1315.3800048828125,55.263536834939856,76.87459526580314,0,-1,0,0,1,0,7.773704327649233
2025-01-15 10:30:00-05:00,TDG,1291.4599609375,1293.7275390625,1282.4100341796875,1289.1199951171875,29626,0.0,0.0,industrials,-0.09532146255061269,1281.0120910644532,1271.4644409179687,25,90,-1.22998046875,0.0,1.22998046875,3.94300537109375,2.67401123046875,1.4745657483280454,59.5888692520837,1281.0120910644532,15.031025283497796,1301.3039751971753,1264.4779632526056,1284.758220411198,1274.7215479409483,11.697393060055447,10.209694671644947,0.18576682881580792,5503.528070497126,-0.29423510642008033,1260.010009765625,1315.3800048828125,52.5735739906656,65.10044044985372,0,-1,0,0,1,0,7.773704327649233
2025-01-15 11:30:00-05:00,TDG,1288.2099609375,1291.3050537109375,1282.739990234375,1291.199951171875,26817,0.0,0.0,industrials,0.1613469702250958,1282.0055908203126,1271.7549389648439,25,90,2.0799560546875,2.0799560546875,-0.0,3.80601806640625,2.67401123046875,1.4233366049622242,58.73458115755288,1282.0055908203126,15.01404714244039,1302.274554462607,1265.4901389636282,1285.3717185788814,1275.3677598323573,11.197903535952946,10.407336444506546,0.9754578493550916,26158.853146155492,-0.07731411905820008,1264.39501953125,1315.3800048828125,52.57416758246363,53.47042613602303,0,-1,0,0,1,0,7.773704327649233
2025-01-15 12:30:00-05:00,TDG,1292.3599853515625,1294.4000244140625,1287.6400146484375,1287.6400146484375,17733,0.0,0.0,industrials,-0.2757076098249933,1282.9035888671874,1272.0077392578125,25,90,-3.5599365234375,0.0,3.5599365234375,1.88900146484375,3.0300048828125,0.6234318220274114,38.402094474706246,1282.9035888671874,14.77321630039973,1302.847430872727,1266.6530509367476,1285.587746775982,1275.8490247271054,10.349728828991829,10.395814921403604,-1.0,-17733.0,0.1877882497930953,1265.8699951171875,1315.3800048828125,43.97094574270315,49.70622910527746,0,-1,0,0,-1,0,7.773704327649233
2025-01-15 13:30:00-05:00,TDG,1288.8499755859375,1295.2398681640625,1286.0699462890625,1290.7598876953125,31078,0.0,0.0,industrials,0.24229388737402324,1284.2335815429688,1272.2269360351563,25,90,3.119873046875,3.119873046875,-0.0,2.20098876953125,2.10699462890625,1.0446105269256394,51.09092969879006,1284.2335815429688,14.182519737357838,1303.3799831884019,1268.6328098318752,1286.0803316254419,1276.433764451349,9.896106643449457,10.295873265812775,0.022896698615548456,711.5835995740149,0.12082081696897345,1268.1500244140625,1315.3800048828125,47.87184550332379,48.13898627616353,0,-1,0,0,-1,0,7.773704327649233
2025-01-15 14:30:00-05:00,TDG,1288.6199951171875,1296.0,1287.8800048828125,1294.469970703125,27248,0.0,0.0,industrials,0.2874340179905177,1285.8420776367188,1272.5175366210938,25,90,3.7100830078125,3.7100830078125,-0.0,2.5719970703125,1.98399658203125,1.296371724430717,56.453043322160504,1285.8420776367188,13.364706206870247,1303.8844310159936,1271.1409008091616,1286.8793448709357,1277.1410666573008,9.820961147331673,10.200890842116555,0.6231452667658864,16979.462228836874,-0.0005516003574736961,1275.1500244140625,1315.3800048828125,48.02375259433676,46.62218128012123,0,-1,0,0,1,1,7.773704327649233
2025-01-15 15:30:00-05:00,TDG,1294.1199951171875,1295.2275390625,1290.1700439453125,1291.9200439453125,51692,0.0,0.0,industrials,-0.1969861654208538,1287.3183288574219,1272.7759375,25,90,-2.5499267578125,0.0,2.5499267578125,1.43099365234375,2.2389892578125,0.6391248405281925,38.99183422308704,1287.3183288574219,12.220093149868381,1303.8154546097442,1273.8762263925667,1287.3594114494479,1277.7206343940857,9.42467976485841,10.045648626664928,-0.30795780936979555,-15918.955081943472,0.016107280140226443,1282.4100341796875,1315.3800048828125,28.844459254322636,41.58001911732773,0,-1,0,0,1,0,7.773704327649233
2025-01-16 09:30:00-05:00,TDG,1298.1600341796875,1315.4644775390625,1297.3299560546875,1312.0350341796875,35573,0.0,0.0,industrials,1.556984143766904,1289.6279907226562,1273.5168383789062,25,90,20.114990234375,20.114990234375,-0.0,2.902490234375,2.2389892578125,1.2963395086632719,56.45243239393148,1289.6279907226562,12.312309186550339,1306.2496081244992,1276.0844506174508,1289.7094707570898,1279.0662971307759,11.036431282401736,10.243805157812291,0.6217773529530554,22118.48577659904,0.20241363795806988,1282.4100341796875,1315.4644775390625,89.62486428196851,55.497692043542635,0,-1,0,-1,-1,1,7.773704327649233
2025-01-16 10:30:00-05:00,TDG,1310.9949951171875,1322.2099609375,1310.1300048828125,1322.0699462890625,10191,0.0,0.0,industrials,0.7648356825813662,1292.3369873046875,1274.7749365234374,25,90,10.034912109375,10.034912109375,-0.0,3.9059814453125,1.77899169921875,2.195615329193399,68.70712219757661,1292.3369873046875,13.205728063667477,1310.1647201906385,1277.8106864346532,1292.7914208077539,1280.7527147448263,13.236128559687813,10.842269838187395,0.9768186824846654,9954.759193201226,0.16575982892645716,1282.4100341796875,1322.2099609375,99.64820375351566,72.7058424299356,0,-1,0,-1,-1,1,7.773704327649233
2025-01-16 11:30:00-05:00,TDG,1320.3499755859375,1325.1600341796875,1318.6199951171875,1323.9200439453125,13520,0.0,0.0,industrials,0.13993946851624806,1295.0909912109375,1276.1441381835937,25,90,1.85009765625,1.85009765625,-0.0,4.0909912109375,1.75548095703125,2.3304104750050416,69.97367118842952,1295.0909912109375,13.778554117777615,1313.6920392699374,1279.9345816813823,1295.7560515827595,1282.4455511840613,15.07135439132253,11.688086748814422,0.6208003583694192,8393.220845154547,0.6825866307090417,1282.4100341796875,1325.1600341796875,97.09943804824562,95.45750202790992,0,-1,0,-1,-1,1,7.773704327649233
2025-01-16 12:30:00-05:00,TDG,1324.3900146484375,1330.0,1320.0799560546875,1328.3824462890625,17591,0.0,0.0,industrials,0.33705980690887927,1298.1201110839843,1277.5137866210937,25,90,4.46240234375,4.46240234375,-0.0,4.5372314453125,0.733984375,6.181645822245875,86.07561518973272,1298.1201110839843,14.118179059050739,1317.179652813703,1282.5901141190284,1298.863327269074,1284.246998050924,16.86027713584258,12.722524826220056,0.6738817449086323,11854.25377468775,0.731253542517155,1282.4100341796875,1330.0,96.60106141482646,97.78290107219591,0,-1,0,-1,-1,0,7.773704327649233
2025-01-16 13:30:00-05:00,TDG,1328.47998046875,1330.0,1319.780029296875,1321.7249755859375,28012,0.0,0.0,industrials,-0.5011712343627517,1300.3848571777344,1278.76228515625,25,90,-6.657470703125,0.0,6.657470703125,4.5372314453125,1.2767333984375,3.5537814322592984,78.04022843705383,1300.3848571777344,14.088603383868826,1319.4044717459574,1284.8873934554786,1301.0406271087754,1285.7167226601402,17.487585980638414,13.675537057103728,-0.6193831967702635,-17350.162107928623,0.04900482911749561,1282.4100341796875,1330.0,82.61182946567588,92.104109642916,0,-1,0,-1,1,0,7.773704327649233
2025-01-16 14:30:00-05:00,TDG,1321.824951171875,1328.0400390625,1321.824951171875,1323.77001953125,26626,0.0,0.0,industrials,0.154725376541065,1302.579364013672,1280.1448852539063,25,90,2.0450439453125,2.0450439453125,-0.0,4.533740234375,1.2767333984375,3.551046945214648,78.0270339542095,1302.579364013672,14.144704793803257,1321.6747154853063,1287.0201887404883,1303.205331149011,1287.2090088119485,18.048346210781574,14.550098887839297,-0.37408178497073497,-9960.30160663079,-0.21398897866330205,1282.4100341796875,1330.0,86.90904613742988,88.70731233931075,0,-1,0,-1,1,0,7.773704327649233
2025-01-16 15:30:00-05:00,TDG,1324.10498046875,1326.6500244140625,1320.0899658203125,1322.0400390625,40165,0.0,0.0,industrials,-0.13068587769970996,1303.7288635253906,1281.5702856445312,25,90,-1.72998046875,0.0,1.72998046875,4.533740234375,1.09373779296875,4.145180191743211,80.5643347223337,1303.7288635253906,14.763424979714031,1323.6594872480046,1287.489096047705,1304.9991128550578,1288.574931566872,18.174458978478015,15.274970905967042,-0.4054707852623744,-16285.734090063268,-0.4598609517064087,1282.4100341796875,1330.0,83.27386708459768,84.26491422923448,0,-1,0,0,1,0,7.773704327649233
2025-01-17 09:30:00-05:00,TDG,1328.199951171875,1334.4000244140625,1323.35498046875,1326.8555908203125,50809,0.0,0.0,industrials,0.36425158206458974,1305.5806457519532,1283.0795971679688,25,90,4.8155517578125,4.8155517578125,-0.0,4.70330810546875,1.09373779296875,4.300215404189779,81.13284227638168,1305.5806457519532,15.24194561053487,1326.1572723261752,1288.8145055803648,1307.080682185082,1290.0761338905365,18.60481669994215,15.940940064762064,-0.3661210640908036,-18602.24514538964,-0.3813629323306435,1282.4100341796875,1334.4000244140625,85.48868049457387,85.22386457220047,0,-1,0,-1,1,1,7.773704327649233
2025-01-17 10:30:00-05:00,TDG,1329.75,1337.68994140625,1328.800048828125,1335.064208984375,12538,0.0,0.0,industrials,0.6186519633977428,1307.9043579101562,1284.6904809570312,25,90,8.2086181640625,8.2086181640625,-0.0,5.15316162109375,1.09373779296875,4.71151463744015,82.49150945977107,1307.9043579101562,16.037170222810502,1329.5545377109504,1290.2634706650647,1309.745779975491,1291.8403721295108,19.61371925262165,16.67549590233398,0.40927690659929145,5131.513854941916,-0.2874687512608293,1282.739990234375,1337.68994140625,95.2215928023992,87.9947134605236,0,-1,0,-1,1,1,7.773704327649233
2025-01-17 11:30:00-05:00,TDG,1335.7025146484375,1339.219970703125,1334.5799560546875,1336.77001953125,14186,0.0,0.0,industrials,0.12776992562573142,1309.7428588867188,1286.2258813476562,25,90,1.705810546875,1.705810546875,-0.0,5.32374267578125,0.8387451171875,6.347271139572115,86.38950460649207,1309.7428588867188,17.152215717521937,1332.8983501053733,1290.8754215974445,1312.3195170760396,1293.6023190864416,20.42837936077376,17.42607259402194,-0.05601010233879666,-794.5593117781694,-0.18398992173946407,1286.0699462890625,1339.219970703125,95.39049850139524,92.0335905994561,0,-1,0,-1,1,1,7.773704327649233
2025-01-17 12:30:00-05:00,TDG,1337.10498046875,1337.10498046875,1332.300048828125,1335.1099853515625,9720,0.0,0.0,industrials,-0.12418248131189635,1311.2283569335937,1287.753681640625,25,90,-1.6600341796875,0.0,1.6600341796875,3.31224365234375,1.00474853515625,3.2965896803508734,76.72572727684025,1311.2283569335937,18.020848133070704,1335.5565019132391,1291.405423987216,1314.4900378641846,1295.2300707046818,20.74490531414267,18.089839138046088,0.16960520298765305,1648.5625730399877,0.16423875305135985,1286.0699462890625,1339.219970703125,92.26719950391016,94.29309693590153,0,-1,0,0,-1,0,7.773704327649233
2025-01-17 13:30:00-05:00,TDG,1336.239990234375,1340.0,1335.93994140625,1338.5899658203125,10553,0.0,0.0,industrials,0.26065122026883714,1313.117852783203,1289.3423803710937,25,90,3.47998046875,3.47998046875,-0.0,2.65675048828125,1.00474853515625,2.644194438032293,72.55909318219703,1313.117852783203,18.832743770920903,1338.5420568739462,1292.40183463519,1316.7852690981017,1296.930458748432,21.173017441565662,18.706474798750005,0.30541190619362596,3223.011846061335,0.11831495711782632,1287.8800048828125,1340.0,97.29463869573058,94.98411223367866,0,-1,0,-1,-1,1,7.773704327649233
2025-01-17 14:30:00-05:00,TDG,1339.6300048828125,1340.3800048828125,1335.740966796875,1337.5400390625,23105,0.0,0.0,industrials,-0.07843527776402182,1314.9666076660155,1291.0225805664063,25,90,-1.0499267578125,0.0,1.0499267578125,2.47174072265625,1.1097412109375,2.2273127268727313,69.01446854922546,1314.9666076660155,19.34354540404756,1341.0803939614798,1293.688707721563,1318.7619138566158,1298.522991309768,21.23483576779563,19.21214699255913,-0.2243770228666158,-5184.231113333158,-0.007207724981138166,1290.1700439453125,1340.3800048828125,94.34381989691725,94.63521936551933,0,-1,0,0,1,0,7.773704327649233
2025-01-17 15:30:00-05:00,TDG,1338.25,1341.050048828125,1337.97998046875,1339.3699951171875,52639,0.0,0.0,industrials,0.13681504861493554,1317.4176086425782,1292.7629809570312,25,90,1.8299560546875,1.8299560546875,-0.0,2.20849609375,1.1097412109375,1.99010009899901,66.55630357208548,1317.4176086425782,19.16504610997833,1343.290420891049,1296.336057921602,1320.7245882623845,1300.1248345963336,21.29034221925599,19.627786037898503,-0.09447316103379721,-4972.972723658052,-0.08035264251283186,1297.3299560546875,1341.050048828125,96.15725035250101,95.93190298171628,0,-1,0,0,1,1,7.773704327649233
2025-01-21 09:30:00-05:00,TDG,1357.9200439453125,1365.5399169921875,1346.8599853515625,1360.0,42198,0.0,0.0,industrials,1.540276768780946,1320.9616088867188,1294.8883813476561,25,90,20.6300048828125,20.6300048828125,-0.0,4.27149658203125,0.443994140625,9.620614758605521,90.58434918572172,1320.9616088867188,20.183353254638593,1348.209135780481,1298.7599203066163,1324.465103665967,1302.4728802984382,23.216431303060745,20.345515090930952,0.40685896514317826,17168.634611111836,0.059448125130323805,1310.1300048828125,1365.5399169921875,90.00193867614855,93.50100297518894,-1,-1,-1,-1,1,0,7.773704327649233
2025-01-21 10:30:00-05:00,TDG,1358.1800537109375,1358.1800537109375,1349.739990234375,1350.81494140625,25442,0.0,0.0,industrials,-0.6753719554227988,1323.9423583984376,1296.9400805664063,25,90,-9.18505859375,0.0,9.18505859375,4.0669921875,1.3625,2.984948394495413,74.90557214288285,1323.9423583984376,19.957527353150066,1350.8850203251902,1301.9890783099725,1326.9746120221844,1304.3686474007054,23.64843911917842,21.006099896580444,-0.7452741499255146,-18961.264922404942,-0.05624924579478658,1318.6199951171875,1365.5399169921875,68.61679432210798,84.92532778358584,0,-1,0,0,1,0,
2025-01-21 11:30:00-05:00,TDG,1349.8299560546875,1355.987548828125,1349.8299560546875,1353.6400146484375,12815,0.0,0.0,industrials,0.20913843603524995,1327.2423583984375,1298.7533813476562,25,90,2.8250732421875,2.8250732421875,-0.0,4.34949951171875,1.189501953125,3.656571979803785,78.52497493140571,1327.2423583984375,19.076088212020316,1352.995077484665,1306.2586613652152,1329.5141741770658,1306.3008578810088,24.079484375630955,21.620776792390547,0.23751561168051066,3043.762563685744,0.015550708500312751,1319.780029296875,1365.5399169921875,73.99490483240633,77.53787927688762,0,-1,0,-1,1,0,
2025-01-21 12:30:00-05:00,TDG,1353.7249755859375,1359.0,1352.8900146484375,1359.0,15292,0.0,0.0,industrials,0.3959682998108338,1330.654364013672,1300.5333813476564,25,90,5.3599853515625,5.3599853515625,-0.0,4.40394287109375,1.189501953125,3.7023418578876073,78.73400041465251,1330.654364013672,18.294070326494534,1355.3513589544395,1310.5308866545279,1332.3223480649642,1308.367490905283,24.75913881036422,22.248449195985284,1.0,15292.0,-0.011680934447313182,1319.780029296875,1365.5399169921875,85.70818828111454,76.10662914520962,0,-1,0,-1,1,1,
2025-01-21 13:30:00-05:00,TDG,1358.5,1358.5,1353.81005859375,1354.7900390625,12003,0.0,0.0,industrials,-0.3097837334437137,1333.6703674316407,1302.0662817382813,25,90,-4.2099609375,0.0,4.2099609375,3.5830810546875,1.610498046875,2.224827941666919,68.9905936661198,1333.6703674316407,16.936541204666593,1356.5346980579407,1315.0401721065075,1334.4621281599675,1310.1879829898796,24.67712691250722,22.734184739289674,-0.5820926600728787,-6986.858198854764,0.2829445117135629,1320.0899658203125,1365.5399169921875,76.347877934928,78.68365701614964,0,-1,0,0,-1,0,
2025-01-21 14:30:00-05:00,TDG,1354.0699462890625,1359.625,1354.0699462890625,1357.4449462890625,20704,0.0,0.0,industrials,0.19596447789058669,1336.9466125488282,1303.6219799804687,25,90,2.6549072265625,2.6549072265625,-0.0,3.67799072265625,1.610498046875,2.2837598156626138,69.54710282919353,1336.9466125488282,14.613525780207008,1356.6748723521077,1320.8717341906004,1336.6509679817862,1312.0411972369066,24.671206867912815,23.121589165014303,0.21510976333311357,4453.632540048783,0.2658133365527207,1320.0899658203125,1365.5399169921875,82.1892642469234,81.41511015432198,0,-1,0,-1,-1,1,
2025-01-21 15:30:00-05:00,TDG,1356.0,1358.550048828125,1355.75,1356.699951171875,31778,0.0,0.0,industrials,-0.05488216072586649,1339.1798583984375,1305.1677783203124,25,90,-0.7449951171875,0.0,0.7449951171875,3.67799072265625,1.518994140625,2.421333054743,70.77162661455311,1339.1798583984375,14.006403588632711,1358.0885032430917,1323.7728144509415,1338.5603949522708,1313.7925209206307,24.3869577821215,23.374662888435743,-0.3214752811927805,-10215.841485744178,-0.1977059338536115,1323.35498046875,1365.5399169921875,79.04473362096655,79.19395860093931,0,-1,0,0,1,0,
2025-01-22 09:30:00-05:00,TDG,1360.0,1360.0,1343.050048828125,1350.3199462890625,22843,0.0,0.0,industrials,-0.47025909283048284,1340.5923583984375,1306.5389770507813,25,90,-6.3800048828125,0.0,6.3800048828125,3.32999267578125,2.15699462890625,1.5438112970498188,60.68890797207527,1340.5923583984375,13.608930560647254,1358.9644146553112,1325.6225347817256,1339.6803522224413,1315.2249689742948,23.319964094942634,23.363723129737124,-0.14219251876071268,-3248.1037060509598,-0.11961915236304459,1328.800048828125,1365.5399169921875,58.57369265681639,73.26923017490212,0,-1,0,0,1,0,
2025-01-22 10:30:00-05:00,TDG,1348.3199462890625,1352.3499755859375,1346.8299560546875,1351.25,23522,0.0,0.0,industrials,0.06887654392526699,1341.9588562011718,1308.1686767578126,25,90,0.9300537109375,0.9300537109375,-0.0,3.422998046875,2.052001953125,1.6681261154074956,62.5205122716895,1341.9588562011718,13.213091115038177,1359.7965292064732,1327.4244559746298,1340.7822234393516,1316.6377152890284,22.364808486172024,23.163940201024104,0.6014595311808935,14147.531092436975,0.008747884015738576,1332.300048828125,1365.5399169921875,57.00970617074488,64.87604414950927,0,-1,0,0,1,0,
2025-01-22 11:30:00-05:00,TDG,1349.25,1354.8699951171875,1349.06005859375,1352.1500244140625,17450,0.0,0.0,industrials,0.06660680215078152,1343.147235107422,1309.8328784179687,25,90,0.9000244140625,0.9000244140625,-0.0,3.3300048828125,2.052001953125,1.6228078524687686,61.872921836087585,1343.147235107422,12.994788174732276,1360.6901991433106,1328.8529681152165,1341.8648711512287,1318.030354862559,21.50411623784271,22.831975408387827,0.06368315999579788,1111.271141926673,0.18821121254113782,1332.300048828125,1365.5399169921875,59.71737158512088,58.433590137560714,0,-1,0,0,-1,1,
2025-01-22 12:30:00-05:00,TDG,1352.2099609375,1355.199951171875,1350.4599609375,1353.4100341796875,16685,0.0,0.0,industrials,0.09318564825460118,1344.7314880371093,1311.5798779296874,25,90,1.260009765625,1.260009765625,-0.0,1.39300537109375,2.052001953125,0.6788518738845924,40.43548358520986,1344.7314880371093,12.149595118453,1361.133441447021,1331.366933406811,1342.9644104872725,1319.4177932671523,20.76211517379238,22.418003361468738,0.24475920679886687,4083.8073654390937,0.3354772117835261,1335.740966796875,1365.5399169921875,59.29426126425057,58.67377967337211,0,-1,0,0,-1,1,
2025-01-22 13:30:00-05:00,TDG,1356.8900146484375,1361.030029296875,1355.8299560546875,1360.4208984375,15224,0.0,0.0,industrials,0.5180147982323691,1346.564031982422,1313.3616967773437,25,90,7.0108642578125,7.0108642578125,-0.0,2.094091796875,1.13349609375,1.8474627380029292,64.88101541580309,1346.564031982422,11.571859378100324,1362.1860421428573,1333.8349866665117,1344.626933149199,1321.0257581757935,20.695176741402747,22.073438037455542,0.7657222000516444,11657.354773586234,0.3414257436526677,1335.740966796875,1365.5399169921875,82.82148021612942,67.27770435516696,0,-1,0,0,-1,1,
2025-01-22 14:30:00-05:00,TDG,1360.39501953125,1362.989990234375,1359.4200439453125,1361.8800048828125,17382,0.0,0.0,industrials,0.10725404519942305,1348.5560302734375,1315.2056958007813,25,90,1.4591064453125,1.4591064453125,-0.0,1.9574951171875,1.13349609375,1.7269535625053845,63.32904183812901,1348.5560302734375,10.508248171855728,1362.7421653054428,1336.996957284396,1346.2700828381146,1322.6278854976374,20.61510419657793,21.78177126928002,0.3781501111301077,6573.005231663532,0.45270267129270825,1337.97998046875,1365.5399169921875,86.7201722098941,76.27863789675803,0,-1,0,0,-1,1,
2025-01-22 15:30:00-05:00,TDG,1362.8299560546875,1362.8299560546875,1351.949951171875,1353.675048828125,42366,0.0,0.0,industrials,-0.602472760101469,1349.8970031738281,1316.99599609375,25,90,-8.2049560546875,0.0,8.2049560546875,1.42149658203125,1.95399169921875,0.7274834292282799,42.11232460581513,1349.8970031738281,9.226316552174497,1362.3525305192636,1339.7480549664363,1346.975317694306,1323.8454213145194,19.5607876951874,21.337574554461497,-0.6828866025648218,-28931.17380426124,-0.14273080348678777,1343.050048828125,1365.5399169921875,47.24349614898202,72.26171619166853,0,-1,0,0,1,0,
2025-01-23 09:30:00-05:00,TDG,1379.1400146484375,1379.4630126953125,1348.3399658203125,1348.3399658203125,27350,0.0,0.0,industrials,-0.39411844167704935,1350.560791015625,1318.7167944335938,25,90,-5.3350830078125,0.0,5.3350830078125,1.42149658203125,2.06650390625,0.6878751004205851,40.753910064149906,1350.560791015625,8.556234172790218,1362.1117071488918,1341.1489334255557,1347.1052841824971,1324.8059916872955,18.02182929977971,20.674425503525143,-1.0,-27350.0,-0.5707153846540413,1343.050048828125,1379.4630126953125,14.527564994384754,49.49707778442029,0,-1,0,0,1,0,
2025-01-23 10:30:00-05:00,TDG,1348.3399658203125,1360.375,1337.9150390625,1358.31494140625,32947,0.0,0.0,industrials,0.739796775204904,1351.638037109375,1320.6351928710938,25,90,9.9749755859375,9.9749755859375,-0.0,2.15350341796875,2.06650390625,1.0420998535040877,51.03079811283096,1351.638037109375,8.071085521425001,1362.5340025632988,1342.7598430358075,1348.1728705847593,1326.1200681468624,17.635576760681943,20.066655754956503,0.8165572416192008,26903.11143962781,-0.2861601781034395,1337.9150390625,1379.4630126953125,49.09963244907613,36.956897864147635,0,-1,0,0,1,1,
2025-01-23 11:30:00-05:00,TDG,1358.18994140625,1358.18994140625,1352.7950439453125,1355.8299560546875,17671,0.0,0.0,industrials,-0.18294618396745843,1352.6740356445312,1322.4349560546875,25,90,-2.4849853515625,0.0,2.4849853515625,2.15350341796875,2.2405029296875,0.9611696505431999,49.01002064135439,1352.6740356445312,7.110540132815212,1362.2732648238316,1344.8524414984345,1348.9021168199906,1327.2851617903066,16.931774616252824,19.43967952721577,0.1251046498472678,2210.7242674510694,0.022622559345871398,1337.9150390625,1379.4630126953125,43.11862992528521,35.5819424562487,0,-1,0,0,1,1,
2025-01-23 12:30:00-05:00,TDG,1356.0400390625,1358.7518310546875,1353.0,1354.0,25035,0.0,0.0,industrials,-0.13496943672881567,1353.4445373535157,1324.1571557617187,25,90,-1.8299560546875,0.0,1.8299560546875,2.15350341796875,1.785498046875,1.206107966199032,54.67130279562296,1353.4445373535157,6.291847438570382,1361.9385313955856,1346.5235051710883,1349.387629503801,1328.3328025044123,16.045020323747167,18.76074768652205,-0.6522846410153017,-16329.945987818079,0.16898060512155266,1337.9150390625,1379.4630126953125,38.714188758406515,43.644150377589284,0,-1,0,0,-1,0,
2025-01-23 13:30:00-05:00,TDG,1354.280029296875,1354.280029296875,1348.9000244140625,1350.56005859375,19836,0.0,0.0,industrials,-0.2540577109490405,1354.0955383300782,1325.7915576171874,25,90,-3.43994140625,0.0,3.43994140625,2.060498046875,2.1294921875,0.9676006603687058,49.17667898055028,1354.0955383300782,5.125019363308904,1361.0143144705453,1348.4580170304384,1349.4992894171294,1329.204459605955,14.858538678404784,17.9803058848986,-0.3828874821319175,-7594.956095568715,-0.3471935310021378,1337.9150390625,1379.4630126953125,30.434744286213757,37.4225209899685,0,-1,0,0,1,0,
2025-01-23 14:30:00-05:00,TDG,1350.0799560546875,1351.125,1348.93994140625,1350.239990234375,22797,0.0,0.0,industrials,-0.02369893566290804,1354.6390380859375,1327.4403564453125,25,90,-0.320068359375,0.0,0.320068359375,1.97049560546875,2.1614990234375,0.9116338171344666,47.688726207041206,1354.6390380859375,3.914658246310258,1359.9238267184564,1350.3329140149963,1349.569832352105,1330.029382375697,13.753355997696872,17.134915907458254,0.18994413407821228,4330.156424581005,-0.28957181620272165,1337.9150390625,1379.4630126953125,29.664385755124705,32.93777293324832,0,-1,0,0,1,0,
2025-01-23 15:30:00-05:00,TDG,1348.7099609375,1351.9100341796875,1347.3299560546875,1349.3299560546875,45093,0.0,0.0,industrials,-0.067397957864479,1354.105535888672,1328.8983544921875,25,90,-0.9100341796875,0.0,0.9100341796875,1.84449462890625,2.25250244140625,0.8188646524861131,45.02064798317175,1354.105535888672,3.872442327411842,1359.333333030678,1349.8458493285189,1349.5469869904462,1330.7862676180105,12.663563073189152,16.240645340604434,-0.12665245202558637,-5711.139019189766,-0.10231788398168676,1337.9150390625,1379.4630126953125,27.474064302314304,29.19106478121759,0,-1,0,0,1,0,
2025-01-24 09:30:00-05:00,TDG,1349.4100341796875,1349.52001953125,1341.5899658203125,1342.594970703125,17751,0.0,0.0,industrials,-0.4991355391867902,1353.6945373535157,1330.15265625,25,90,-6.7349853515625,0.0,6.7349853515625,1.143408203125,2.9260009765625,0.3907750586154244,28.09764643064979,1353.6945373535157,4.6066718488026845,1359.9135443493992,1348.6271983198328,1348.8848902011775,1331.2493540135051,11.013866971103425,15.195289666704234,-0.746532641657559,-13251.700922063328,-0.1708607269493825,1337.9150390625,1379.4630126953125,11.263922717350109,22.800790924929704,0,-1,0,0,1,0,
2025-01-24 10:30:00-05:00,TDG,1339.5999755859375,1345.35498046875,1336.8800048828125,1342.9200439453125,17778,0.0,0.0,industrials,0.02421230894507076,1353.1585388183594,1331.0300561523438,25,90,0.3250732421875,0.3250732421875,-0.0,1.0300048828125,2.9260009765625,0.3520179559278759,26.036485268887546,1353.1585388183594,5.1989266696559975,1360.177089822395,1347.4397194817377,1348.316809605381,1331.707028128478,9.634272477210743,14.083086228805536,0.42538205597246026,7562.4421910783985,-0.1414055437743379,1336.8800048828125,1379.4630126953125,14.184153193441118,17.64071340436851,0,-1,0,0,1,0,
2025-01-24 11:30:00-05:00,TDG,1345.3699951171875,1347.0400390625,1342.0699462890625,1342.9808349609375,16301,0.0,0.0,industrials,0.0045267784853697535,1352.3575805664063,1332.0932739257812,25,90,0.060791015625,0.060791015625,-0.0,1.036083984375,2.10550537109375,0.49208327777230226,32.97961213713141,1352.3575805664063,5.478091467780957,1359.7530040479107,1346.3316799518473,1347.8086215440053,1332.1491382003392,8.455971019190883,12.957663186882606,-0.6334520447009702,-10325.901780670514,-0.30899402877976884,1336.8800048828125,1379.4630126953125,14.326912051370256,13.258329320720494,0,-1,0,0,1,1,
2025-01-24 12:30:00-05:00,TDG,1344.429931640625,1345.300048828125,1340.489990234375,1340.489990234375,10554,0.0,0.0,industrials,-0.1854713531064589,1351.642578125,1333.1312744140625,25,90,-2.4908447265625,0.0,2.4908447265625,1.036083984375,1.82108154296875,0.5689388201068487,36.26265172456518,1351.642578125,6.047524559196097,1359.8067362799147,1344.9903011098843,1347.1116090383264,1332.476230436968,7.193953363703258,11.804921222246737,-1.0,-10554.0,-0.2983769764432615,1336.8800048828125,1379.4630126953125,8.477525513129228,12.329530252646867,0,-1,0,0,1,0,
2025-01-24 13:30:00-05:00,TDG,1341.8399658203125,1342.2950439453125,1338.75,1339.4000244140625,11977,0.0,0.0,industrials,-0.08131100032473526,1350.74033203125,1333.9192749023437,25,90,-1.0899658203125,0.0,1.0899658203125,0.03858642578125,1.930078125,0.019992157458004454,1.9600305072764854,1350.74033203125,6.467775170097586,1359.4718285108818,1343.6257793441428,1346.3771724074443,1332.747751769403,6.015219537939174,10.646980885385226,-0.6332770910092628,-7584.75971901794,-0.7330207431934597,1336.8800048828125,1379.4630126953125,5.917899323472079,9.57411229599052,1,-1,1,0,1,0,
2025-01-24 14:30:00-05:00,TDG,1340.199951171875,1344.4200439453125,1340.1800537109375,1342.9300537109375,21136,0.0,0.0,industrials,0.2635530261707375,1350.0518371582032,1334.6698754882811,25,90,3.530029296875,3.530029296875,-0.0,0.39158935546875,1.68157958984375,0.23286995027403726,18.888444010033325,1350.0518371582032,6.532562488685051,1358.870796517928,1342.8660184206497,1346.0488753887294,1333.1470577278947,5.373988779475667,9.592382464203315,0.2971727989865838,6281.044279380435,-0.27154866236832115,1336.8800048828125,1379.4630126953125,14.207659672055955,9.534361502885753,1,-1,1,0,1,1,
2025-01-24 15:30:00-05:00,TDG,1343.68994140625,1344.6099853515625,1340.8399658203125,1342.75,53175,0.0,0.0,industrials,-0.013407527103881378,1349.67333984375,1335.5088745117187,25,90,-0.1800537109375,0.0,0.1800537109375,0.39158935546875,1.51658935546875,0.2582039456209403,20.52162898706483,1349.67333984375,6.732454075676805,1358.7621528459138,1342.2676403605055,1345.734696780279,1333.5236436993498,4.798079475419172,8.633521866446486,0.013275482450459786,705.9237793031991,-0.006927865523992684,1336.8800048828125,1379.4630126953125,13.784829721362229,11.303462905630086,1,-1,1,0,1,1,
2025-01-27 09:30:00-05:00,TDG,1328.77001953125,1335.719970703125,1323.989990234375,1330.6500244140625,40369,0.0,0.0,industrials,-0.9011339107009908,1348.6433410644531,1336.110576171875,25,90,-12.0999755859375,0.0,12.0999755859375,0.39158935546875,2.3825927734375,0.1643542949657243,14.115488359199333,1348.6433410644531,7.945126088638508,1359.369261284115,1339.9037023669507,1344.2980613168297,1333.4109527469857,3.089729728873408,7.5247634389318705,0.13555759064230113,5472.324376639054,0.10864398705373834,1323.989990234375,1360.375,18.304335281447734,15.432274891621972,1,-1,1,0,-1,1,
2025-01-27 10:30:00-05:00,TDG,1330.9599609375,1332.4200439453125,1325.8499755859375,1329.074951171875,16743,0.0,0.0,industrials,-0.11836870802156563,1347.4895874023437,1336.8850756835936,25,90,-1.5750732421875,0.0,1.5750732421875,0.39158935546875,2.50809326171875,0.15613030083275337,13.504559193742594,1347.4895874023437,9.01279104892448,1359.6568553183918,1337.5755172485267,1342.8482413030245,1333.2409134695304,1.5394655148179481,6.327703854109086,-0.01828248671546951,-306.103675077106,0.053244212653034105,1323.989990234375,1358.7518310546875,14.62799672717185,15.57238724332727,1,-1,1,0,1,0,
2025-01-27 11:30:00-05:00,TDG,1329.1300048828125,1342.9000244140625,1329.1300048828125,1342.9000244140625,16794,0.0,0.0,industrials,1.0402026785620855,1346.9640869140626,1337.9606762695312,25,90,13.8250732421875,13.8250732421875,-0.0,1.7740966796875,2.41708984375,0.733980445234536,42.32922275748379,1346.9640869140626,8.955642239323309,1359.0542039371492,1337.1128804508069,1342.8531730278853,1333.619702134022,1.665440423662858,5.395251168019841,1.0,16794.0,0.29713718374099496,1323.989990234375,1358.7518310546875,54.398828524172224,29.11038684426394,0,-1,0,0,-1,1,
2025-01-27 12:30:00-05:00,TDG,1343.550048828125,1347.4100341796875,1334.8399658203125,1336.0550537109375,29095,0.0,0.0,industrials,-0.5097155840853906,1345.7457946777345,1338.8577783203125,25,90,-6.844970703125,0.0,6.844970703125,1.7740966796875,2.42808837890625,0.7306557269907343,42.218432909311154,1345.7457946777345,8.681812629205387,1357.4662417271618,1336.1958007856085,1342.2057330929379,1333.7152061174306,1.0693489152652091,4.530070717468915,-0.8066696447646979,-23470.053314428886,-0.11147906804039419,1323.989990234375,1354.280029296875,39.83178579488668,36.286203682076916,0,-1,0,0,1,1,
2025-01-27 13:30:00-05:00,TDG,1336.300048828125,1341.7099609375,1333.199951171875,1341.7099609375,17657,0.0,0.0,industrials,0.4232540575970889,1344.7372924804688,1339.9391772460938,25,90,5.6549072265625,5.6549072265625,-0.0,2.307080078125,2.42808837890625,0.9501631399283088,48.72223869246336,1344.7372924804688,7.83963352205824,1355.3207977352474,1336.1136956062048,1342.158516697182,1334.028725914296,1.1476502052460091,3.8535866150243336,1.0,17657.0,0.17280311405235796,1323.989990234375,1351.9100341796875,63.46684388403339,52.56581940103076,0,-1,0,0,-1,1,
2025-01-27 14:30:00-05:00,TDG,1342.6800537109375,1342.6800537109375,1335.949951171875,1340.550048828125,22403,0.0,0.0,industrials,-0.08645028680897004,1344.0810424804688,1340.93498046875,25,90,-1.159912109375,0.0,1.159912109375,2.3010009765625,2.54407958984375,0.9044532198396438,47.49149049278298,1344.0810424804688,7.59769168916131,1354.3379262608366,1335.7235816223913,1342.0053292810812,1334.2844640677797,1.0850298613199811,3.2998752642834632,0.36702156603123354,8222.384143797724,0.034839575292731725,1323.989990234375,1351.9100341796875,59.31243742376082,54.20368903422696,0,-1,0,0,1,1,
2025-01-27 15:30:00-05:00,TDG,1341.3800048828125,1345.1199951171875,1337.0400390625,1344.68994140625,43459,0.0,0.0,industrials,0.30882044141089526,1343.8985412597656,1341.9393798828125,25,90,4.139892578125,4.139892578125,-0.0,2.714990234375,2.2949951171875,1.183004797719222,54.19158029131276,1343.8985412597656,7.533572777358785,1354.0688645092,1335.611611204671,1342.2610066263353,1334.692522002622,1.4390130045489968,2.92770281233657,0.8935504826940218,38832.8104273995,0.774820035814572,1323.989990234375,1349.52001953125,81.08079677922177,67.95335936233866,0,-1,0,0,-1,1,
2025-01-28 09:30:00-05:00,TDG,1353.0,1353.0,1320.719970703125,1332.614990234375,34699,0.0,0.0,industrials,-0.8979728932342002,1342.613543701172,1342.7532788085937,25,90,-12.074951171875,0.0,12.074951171875,2.714990234375,3.39349365234375,0.8000575549919963,44.4462207762881,1342.613543701172,7.125939321612413,1352.2335617853487,1334.7750104473982,1341.3423383985296,1334.611050168573,0.5053951290294663,2.4432412756751494,-0.2630106111829616,-9126.205197437585,0.377173947889934,1320.719970703125,1353.0,36.84946944085192,59.08090121461151,0,-2,0,0,-1,0,
2025-01-28 10:30:00-05:00,TDG,1332.030029296875,1342.31005859375,1330.6600341796875,1330.6600341796875,14819,0.0,0.0,industrials,-0.14670074019981216,1341.355047607422,1343.1257788085939,25,90,-1.9549560546875,0.0,1.9549560546875,2.3619873046875,3.5889892578125,0.658120472092786,39.690751255374316,1341.355047607422,6.8875853194187515,1350.6532877886373,1333.7787037560613,1340.3249760919732,1334.4561083650874,-0.4411794098816699,1.8663571385637856,-1.0,-14819.0,0.1601213765765935,1320.719970703125,1353.0,30.793229414834478,49.574498544969394,0,-2,0,0,-1,0,
2025-01-28 11:30:00-05:00,TDG,1332.114990234375,1334.050048828125,1328.81005859375,1330.77001953125,14469,0.0,0.0,industrials,0.008265473429536208,1340.1935485839845,1343.2997802734376,25,90,0.1099853515625,0.1099853515625,-0.0,2.37298583984375,3.57098388671875,0.664518775531133,39.92257614030764,1340.1935485839845,6.595469728481858,1349.097432717435,1332.9385318826544,1339.4149802290472,1334.3115558618,-1.1841881062769062,1.2562480895956472,-0.2519219121278479,-3645.0581465778314,-0.43118544929462854,1320.719970703125,1353.0,31.133952003872363,32.92555028651959,0,-2,0,0,1,0,
2025-01-28 12:30:00-05:00,TDG,1329.260009765625,1334.1300048828125,1328.719970703125,1332.1199951171875,15525,0.0,0.0,industrials,0.10144319199594243,1339.2715454101562,1343.463779296875,25,90,1.3499755859375,1.3499755859375,-0.0,2.5079833984375,2.360986328125,1.0622608731619547,51.50952951617836,1339.2715454101562,6.354526511802482,1347.8501562010897,1332.2815662471735,1338.7202197422034,1334.2256123031875,-1.6343393901897798,0.6781305936385618,0.25693269252465084,3988.880051445204,-0.3230129224808115,1320.719970703125,1353.0,35.31602870994335,32.41440337621673,0,-2,0,0,1,1,
2025-01-28 13:30:00-05:00,TDG,1334.3699951171875,1334.5799560546875,1325.18994140625,1328.0350341796875,23921,0.0,0.0,industrials,-0.3066511239582903,1338.1612976074218,1343.4568310546874,25,90,-4.0849609375,0.0,4.0849609375,2.5079833984375,2.61197509765625,0.9601865655947247,48.98444783001571,1338.1612976074218,6.276604578641568,1346.634713788588,1331.2570325709162,1337.7025830219638,1333.9828445336384,-2.3887032399729833,0.06476382691625271,-0.394017394017394,-9425.290082290081,-0.16844047440272072,1320.719970703125,1353.0,22.661266535066822,29.703749082960844,0,-2,0,0,1,0,
2025-01-28 14:30:00-05:00,TDG,1329.3599853515625,1334.6600341796875,1327.56005859375,1332.3599853515625,25701,0.0,0.0,industrials,0.32566544259478025,1337.3127990722655,1343.66953125,25,90,4.324951171875,4.324951171875,-0.0,1.55797119140625,2.61197509765625,0.596472452131811,37.36190069144794,1337.3127990722655,5.817563392959604,1345.166509652761,1330.9134793400099,1337.1937641962113,1333.9192029970866,-2.541047549654195,-0.45639844839783683,0.3520966937743927,9049.237126695667,0.055456538226638374,1320.719970703125,1353.0,36.05949220611259,31.34559581704092,0,-2,0,0,1,1,
2025-01-28 15:30:00-05:00,TDG,1332.3599853515625,1334.7099609375,1328.489990234375,1329.0,45119,0.0,0.0,industrials,-0.25218299772609143,1336.6330505371093,1343.774130859375,25,90,-3.3599853515625,0.0,3.3599853515625,1.55797119140625,2.2634765625,0.6883089567693502,40.76913493881227,1336.6330505371093,5.960382196541258,1344.67956650244,1330.076630120914,1336.413405701334,1333.7262930756322,-2.9771549631752805,-0.9605497513533257,-0.8360089492483417,-37719.88778113593,-0.402106170894653,1320.719970703125,1353.0,25.650625099267128,28.12379461348218,0,-2,0,0,1,0,
2025-01-29 09:30:00-05:00,TDG,1325.5899658203125,1345.18994140625,1325.5899658203125,1337.06005859375,36304,0.0,0.0,industrials,0.6064754397103078,1336.3400512695312,1344.07453125,25,90,8.06005859375,8.06005859375,-0.0,1.798486328125,2.2634765625,0.7945681249460695,44.27628652826696,1336.3400512695312,5.776249197303838,1344.1379876858914,1329.986177152497,1336.474991691088,1333.8570289783036,-2.49713401068675,-1.2678666032200105,0.1704190878346817,6186.894564750285,-0.20988532998851755,1320.719970703125,1353.0,50.619805020458486,37.44330744194607,0,-2,0,0,1,1,
2025-01-29 10:30:00-05:00,TDG,1336.7099609375,1344.625,1336.7099609375,1340.02001953125,12294,0.0,0.0,industrials,0.22137830821251647,1336.1920104980468,1344.3378198242187,25,90,2.9599609375,2.9599609375,-0.0,2.094482421875,2.1474853515625,0.9753186071099692,49.37525539421355,1336.1920104980468,5.633265286476008,1343.7969186347893,1329.9954186829232,1336.812613390151,1334.0987148823408,-1.796770751329177,-1.373647432841844,-0.1636027143738433,-2011.3317705120296,-0.3579321253016811,1320.719970703125,1353.0,59.78944024686316,45.353290122196256,0,-2,0,0,1,1,
2025-01-29 11:30:00-05:00,TDG,1340.02001953125,1340.8499755859375,1337.1099853515625,1340.72998046875,14775,0.0,0.0,industrials,0.052981367976001614,1336.2040100097656,1344.4511352539062,25,90,0.7099609375,0.7099609375,-0.0,1.7514892578125,2.1474853515625,0.815600095496868,44.92179183729697,1336.2040100097656,5.643149269335257,1343.8222615233683,1329.9965458134968,1337.1856959690651,1334.3587645131806,-1.1503984792752817,-1.3289976421285317,0.9358313205822835,13826.907761603237,0.2840716165534457,1320.719970703125,1353.0,61.98882157632413,57.46602228121526,0,-2,0,0,-1,1,
2025-01-29 12:30:00-05:00,TDG,1342.8900146484375,1346.93505859375,1339.5892333984375,1343.989990234375,15523,0.0,0.0,industrials,0.24315185108974013,1336.4335083007813,1344.5955346679686,25,90,3.260009765625,3.260009765625,-0.0,2.077490234375,0.939990234375,2.210118954859488,68.84850642415613,1336.4335083007813,5.8687895753631025,1344.3563742275214,1329.977839767882,1337.8337239943328,1334.736459639502,-0.29814195659764664,-1.1228265050223547,0.19816541203449822,3076.121691011516,0.3496360274723598,1320.719970703125,1353.0,72.08797525317844,64.62207902545525,0,-2,0,0,-1,1,
2025-01-29 13:30:00-05:00,TDG,1344.2501220703125,1346.5211181640625,1336.3800048828125,1336.3800048828125,14305,0.0,0.0,industrials,-0.5662233652674264,1336.106005859375,1344.6209350585937,25,90,-7.6099853515625,0.0,7.6099853515625,2.077490234375,1.5054931640625,1.3799399983783345,57.98213397474771,1336.106005859375,5.666446644316889,1343.7557088292028,1329.8729145506265,1337.6952745551403,1334.8009123941417,-0.3729194364682371,-0.9728450913115312,-1.0,-14305.0,0.05824786343104225,1320.719970703125,1353.0,48.51307300766153,60.86328994572136,0,-2,0,0,1,0,
2025-01-29 14:30:00-05:00,TDG,1335.3499755859375,1344.4449462890625,1335.3499755859375,1343.6199951171875,25140,0.0,0.0,industrials,0.5417613409301136,1336.1495056152344,1344.7215356445313,25,90,7.239990234375,7.239990234375,-0.0,2.79049072265625,1.5054931640625,1.8535392848455363,64.95580049271581,1336.1495056152344,5.72319043217374,1343.8758126986688,1329.8539961398433,1338.2595336562877,1335.1467587754375,0.2928225162254421,-0.7197115698041365,0.818591791265133,20579.397632405446,0.17010841441233052,1320.719970703125,1353.0,70.94177084987786,63.84760637023928,0,-2,0,0,-1,1,
2025-01-29 15:30:00-05:00,TDG,1342.81005859375,1343.1199951171875,1337.6199951171875,1337.97998046875,49374,0.0,0.0,industrials,-0.41976263146825676,1336.5160034179687,1344.7303344726563,25,90,-5.6400146484375,0.0,5.6400146484375,2.6554931640625,2.06949462890625,1.2831602106964426,56.20105872049314,1336.5160034179687,5.585522628586948,1344.0564589665612,1330.371928526523,1338.232909543189,1335.2578655085085,0.26042887505514045,-0.5236834808322812,-0.8690962357954546,-42910.75754616477,-0.41248336407479597,1320.719970703125,1353.0,53.469622368948485,57.64148874216263,0,-2,0,0,1,0,
2025-01-30 09:30:00-05:00,TDG,1347.0,1357.699951171875,1347.0,1349.64501953125,17839,0.0,0.0,industrials,0.8718395815169977,1337.5445068359375,1344.9358349609374,25,90,11.6650390625,11.6650390625,-0.0,3.8219970703125,1.66099853515625,2.3010237453056903,69.70636756484782,1337.5445068359375,6.020179301460122,1345.6717488929087,1330.9223096043313,1339.3197771610994,1335.8220676270475,1.3964135063424692,-0.13966408339733116,-0.5056015698085655,-9019.426403815,-0.3394668967718894,1325.18994140625,1357.699951171875,75.22322601963037,66.54487307948557,0,-2,0,-1,1,1,
2025-01-30 10:30:00-05:00,TDG,1349.7049560546875,1354.1400146484375,1345.8900146484375,1354.1400146484375,19069,0.0,0.0,industrials,0.3330501763158855,1338.1065063476562,1344.8186352539062,25,90,4.4949951171875,4.4949951171875,-0.0,3.83900146484375,1.66099853515625,2.3112611983625952,69.80002663352272,1338.1065063476562,6.992556416852792,1347.5464575104074,1330.4146942891182,1340.7312283503697,1336.5404184906315,2.742625969222672,0.43679392712666953,1.0,19069.0,-0.3808579303908086,1325.18994140625,1357.699951171875,89.04972176538175,72.58085671798688,0,-2,0,-1,1,1,
2025-01-30 11:30:00-05:00,TDG,1354.050048828125,1354.2198486328125,1352.260009765625,1354.2198486328125,12591,0.0,0.0,industrials,0.005895548725498578,1339.01474609375,1344.8867333984374,25,90,0.079833984375,0.079833984375,-0.0,3.84698486328125,1.325,2.903384802476415,74.38120885838433,1339.01474609375,7.8403625472184,1349.599235532495,1330.3903472918098,1342.0158588534596,1337.2337294765994,3.805314795796221,1.1104981008605799,1.0,12591.0,0.4573945654697069,1325.18994140625,1357.699951171875,89.2952891612409,84.52274564875101,0,-2,0,-1,-1,1,
2025-01-30 12:30:00-05:00,TDG,1350.9949951171875,1361.3499755859375,1350.905029296875,1358.510009765625,15109,0.0,0.0,industrials,0.31679945742515425,1339.8547485351562,1344.9841333007812,25,90,4.2901611328125,4.2901611328125,-0.0,3.4699951171875,1.325,2.6188642393867925,72.3670208703533,1339.8547485351562,8.96379693138552,1351.9558743925268,1329.9945719106322,1343.5867303689038,1338.0680934095024,5.052386881914117,1.8988758570712874,0.45620288669432596,6892.769415064571,0.8243231502718594,1325.18994140625,1361.3499755859375,92.14611964634751,90.16371019099006,0,-2,0,-1,-1,1,
2025-01-30 13:30:00-05:00,TDG,1359.905029296875,1361.9100341796875,1359.010009765625,1360.7950439453125,18817,0.0,0.0,industrials,0.1682014974686563,1340.8669982910155,1345.0200341796874,25,90,2.2850341796875,2.2850341796875,-0.0,3.40250244140625,1.325,2.5679263708726414,71.97251579618722,1340.8669982910155,10.115550798328213,1354.5229918687587,1329.7398924128545,1345.225617376181,1338.959346371691,6.2365757514623965,2.766415835949509,0.2310476912068022,4347.624405438397,0.5123157946665303,1325.5899658203125,1361.9100341796875,96.93009874501737,92.79050251753527,0,-2,0,-1,-1,1,
2025-01-30 14:30:00-05:00,TDG,1362.3599853515625,1365.530029296875,1360.110107421875,1364.6500244140625,23881,0.0,0.0,industrials,0.28328883808788063,1341.8650024414062,1345.2172338867188,25,90,3.85498046875,3.85498046875,-0.0,3.71700439453125,1.325,2.8052863354952833,73.72076864040132,1341.8650024414062,11.413888545702894,1357.273751978105,1329.309725041133,1347.0755609035982,1339.96682394198,7.5172524131469345,3.716583151388994,0.6752702702702703,16126.129324324325,0.47341192493689893,1325.5899658203125,1365.530029296875,97.7966863189166,95.62430157009383,0,-2,0,-1,-1,1,
2025-01-30 15:30:00-05:00,TDG,1366.3800048828125,1367.2698974609375,1356.3199462890625,1363.8800048828125,49972,0.0,0.0,industrials,-0.056426154506583615,1343.4282531738281,1345.3459350585938,25,90,-0.77001953125,0.0,0.77001953125,3.39100341796875,1.402001953125,2.4186866576115347,70.74900100090922,1343.4282531738281,12.19465528430445,1359.8910378076391,1330.0141323610933,1348.6759841397138,1340.9045957435812,8.402970848897212,4.653860690890638,0.38083877728478743,19031.2753784754,0.4262979293000771,1325.5899658203125,1367.2698974609375,91.86684707798103,95.53121071397167,0,-2,0,-1,-1,0,
