Datetime,Ticker,Open,High,Low,Close,Volume,Dividends,Stock Splits,Capital Gains,Sector,Percent Change,SMA_20,SMA_50,Buy RSI,Sell RSI,Price Change,Gain,Loss,Avg Gain,Avg Loss,RS,RSI,Middle Band,Standard Deviation,Upper Band,Lower Band,EMA_20,EMA_50,MACD,MACD Line,MFM,MFV,CMF,Low_min,High_max,%K,%D,Signal,SMA_Signal,RSI_Signal,BB_Signal,CMF_Signal,STO_Signal,Total Percent Change
2024-01-02 09:30:00-05:00,VOO,434.2300109863281,434.4599914550781,433.1600036621094,433.5299987792969,1723310,0.0,0.0,0.0,,,,,25,90,,0.0,-0.0,,,,,,,,,433.5299987792969,433.5299987792969,0.0,0.0,-0.4307713977182027,-742352.6574017559,,,,,,0,0,0,0,0,0,
2024-01-02 10:30:00-05:00,VOO,433.510009765625,434.1499938964844,433.1000061035156,434.0499877929688,1340688,0.0,0.0,0.0,,0.11994302934885681,,,25,90,0.5199890136719318,0.5199890136719318,-0.0,,,,,,,,,433.5795215425037,433.55039050532326,0.05189079554310183,0.010378159108620368,0.8095099691915284,1085300.3015754519,,,,,,0,0,0,0,0,0,
2024-01-02 11:30:00-05:00,VOO,434.0400085449219,435.0,434.010009765625,434.6600036621094,1436688,0.0,0.0,0.0,,0.14054046453091384,,,25,90,0.6100158691405682,0.6100158691405682,-0.0,,,,,,,,,433.68242460151373,433.5939047467659,0.15386824839271185,0.039076176965438664,0.31313193588162763,449872.89469790383,0.17615548804595563,,,,,0,0,0,0,-1,0,
2024-01-02 12:30:00-05:00,VOO,434.6391906738281,435.2699890136719,434.0199890136719,434.3599853515625,419232,0.0,0.0,0.0,,-0.06902367552090727,,,25,90,-0.300018310546875,0.0,0.300018310546875,,,,,,,,,433.74695419675646,433.62394712342456,0.20427358612096214,0.07211565879654336,-0.456005859375,-191172.2484375,0.4204459689257662,,,,,0,0,0,0,-1,0,
2024-01-02 13:30:00-05:00,VOO,434.3399963378906,434.6099853515625,433.3399963378906,433.6799926757813,423996,0.0,0.0,0.0,,-0.15655048777820646,,,25,90,-0.6799926757811932,0.0,0.6799926757811932,,,,,,,,,433.74057690904453,433.62614498822285,0.17506217706363714,0.09270496244996212,-0.4645680643997663,-196975.00103324332,0.027073648865642643,,,,,0,0,0,0,1,0,
2024-01-02 14:30:00-05:00,VOO,433.7300109863281,433.7987976074219,432.3599853515625,432.739990234375,591492,0.0,0.0,0.0,,-0.216750243793018,,,25,90,-0.9400024414063068,0.0,0.9400024414063068,,,,,,,,,433.6452829400284,433.5913938214053,0.05642026774376063,0.08544802350872183,-0.4717797526884001,-279053.94947716716,-0.4650393100729832,,,,,0,0,0,0,1,0,
2024-01-02 15:30:00-05:00,VOO,432.75,434.3500061035156,432.5299987792969,434.3200073242188,777395,0.0,0.0,0.0,,0.3651192691916494,,,25,90,1.5800170898438068,1.5800170898438068,-0.0,,,,,,,,,433.7095424051894,433.619966899947,0.11866144061986006,0.09209070693094948,0.9670344411282022,751767.7393608588,0.15379630954749882,,,,,0,0,0,0,-1,0,
2024-01-03 09:30:00-05:00,VOO,432.3450012207031,432.7799987792969,431.2099914550781,431.4700012207031,1229674,0.0,0.0,0.0,,-0.6561995891172789,,,25,90,-2.850006103515682,0.0,2.850006103515682,,,,,,,,,433.4962527685716,433.5356545203688,-0.11691462419088339,0.0502896407065829,-0.6687789138125413,-822380.0420635229,-0.1345614946810297,,,,,0,0,0,0,1,0,
2024-01-03 10:30:00-05:00,VOO,431.4500122070313,431.8399963378906,430.730712890625,431.6314086914063,585693,0.0,0.0,0.0,,0.03740873531103972,,,25,90,0.16140747070318184,0.16140747070318184,-0.0,,,,,,,,,433.3186485707463,433.46097821335064,-0.28839397525445065,-0.017447082485623808,0.62392362926088,365427.70219269255,0.11370708128629951,,,,,0,0,0,0,-1,0,
2024-01-03 11:30:00-05:00,VOO,431.6000061035156,431.739990234375,430.9631042480469,431.5199890136719,628034,0.0,0.0,0.0,,-0.025813616778314064,,,25,90,-0.11141967773443184,0.0,0.11141967773443184,0.2871429443359489,0.4881439208984489,0.5882341908661908,37.03699330042629,,,,,433.1473476605487,433.38486098983384,-0.43436927419367066,-0.10083152082723318,0.4336331853714106,272336.38394154847,-0.07555696176324796,,,,,0,0,0,0,1,0,
2024-01-03 12:30:00-05:00,VOO,431.5698852539063,432.6300048828125,431.3999938964844,432.2200012207031,561216,0.0,0.0,0.0,,0.16222011143245396,,,25,90,0.70001220703125,0.70001220703125,-0.0,0.35714416503907387,0.4881439208984489,0.7316370229127004,42.251176963290504,,,,,433.059028951992,433.33918021457384,-0.4777423034187791,-0.17621367734554239,0.3333333333333333,187072.0,0.46471130967824936,,,,,0,0,0,0,-1,0,
2024-01-03 13:30:00-05:00,VOO,432.239990234375,432.989990234375,430.9500122070313,432.7799987792969,525253,0.0,0.0,0.0,,0.12956308292355612,,,25,90,0.55999755859375,0.55999755859375,-0.0,0.36114501953125566,0.4881439208984489,0.7398330780531969,42.52322176108068,,,,,433.0324546498306,433.3172515308375,-0.4526025201038806,-0.23149144589721005,0.7941238069592738,417115.9119767794,0.5112410394839366,,,,,0,0,0,0,-1,0,
2024-01-03 14:30:00-05:00,VOO,432.80999755859375,433.0,430.9500122070313,431.239990234375,592376,0.0,0.0,0.0,,-0.3558409698381726,,,25,90,-1.540008544921875,0.0,1.540008544921875,0.3001434326171989,0.6421447753906364,0.4674077312777518,31.85261473787891,,,,,432.86174375312055,433.2357903035253,-0.5823970803940597,-0.30167257279658,-0.7170929228571054,-424788.63727040065,0.10685874795253805,,,,,0,0,0,0,-1,0,
2024-01-03 15:30:00-05:00,VOO,431.2300109863281,431.6838989257813,430.25,430.7699890136719,510082,0.0,0.0,0.0,,-0.10898832004139214,,,25,90,-0.470001220703125,0.0,0.470001220703125,0.3001434326171989,0.6591430664062614,0.45535400114822133,31.28819522871848,,,,,432.6625290160302,433.1390922137271,-0.7283458870134041,-0.3870072356399448,-0.2747201294002756,-140129.7930447514,-0.09080390704392408,430.25,435.2699890136719,10.358369555305632,,0,0,0,0,1,0,
2024-01-04 09:30:00-05:00,VOO,430.3299865722656,432.0097961425781,430.1900024414063,431.7174072265625,919160,0.0,0.0,0.0,,0.21993598371601308,,,25,90,0.947418212890625,0.947418212890625,-0.0,0.3948852539062614,0.591143798828142,0.6680020236853789,40.04803436685629,,,,,432.5725174170333,433.0833398612893,-0.744563834584369,-0.4585185554288297,0.6786570743405176,623794.4364508302,0.029123210287837837,430.1900024414063,435.2699890136719,30.06710280486042,,0,0,0,0,1,0,
2024-01-04 10:30:00-05:00,VOO,431.6889953613281,432.7799987792969,431.5650024414063,432.5,544770,0.0,0.0,0.0,,0.18127431517414028,,,25,90,0.7825927734375,0.7825927734375,-0.0,0.4731445312500114,0.49714355468751137,0.9517261700142426,48.76330422967569,,,,,432.5656109963635,433.06046378829757,-0.6732565608867844,-0.5014661565204207,0.5390952703890474,293682.9304498413,0.3937907033269909,430.1900024414063,435.2699890136719,45.47251308114152,28.63266181376919,0,0,0,0,-1,1,
2024-01-04 11:30:00-05:00,VOO,432.510009765625,432.6499938964844,431.2300109863281,431.5499877929688,370254,0.0,0.0,0.0,,-0.21965600162571208,,,25,90,-0.9500122070311932,0.0,0.9500122070311932,0.3151428222656307,0.5921447753906307,0.5322056959089688,34.73461150353198,,,,,432.46888497699257,433.0012294355396,-0.7053859981432993,-0.5422501248449965,-0.5493230174080437,-203389.0444873978,0.38932207587312595,430.1900024414063,435.2699890136719,26.77143595196502,34.10368394598898,0,0,0,0,-1,0,
2024-01-04 12:30:00-05:00,VOO,431.5199890136719,431.5199890136719,430.6799926757813,431.25,259943,0.0,0.0,0.0,,-0.06951403115615928,,,25,90,-0.29998779296880684,0.0,0.29998779296880684,0.3151428222656307,0.33714294433594316,0.9347454175152761,48.31361320476655,,,,,432.3528006934695,432.9325537714008,-0.7551733233277105,-0.5848347645415393,0.3571662125340164,92842.85678472983,0.1558654351544965,430.1900024414063,434.6099853515625,23.981937942747273,32.07529565861794,0,0,0,0,-1,0,
2024-01-04 13:30:00-05:00,VOO,431.3302001953125,431.4100036621094,430.5499877929688,430.5989990234375,330372,0.0,0.0,0.0,,-0.1509567481884022,,,25,90,-0.6510009765625,0.0,0.6510009765625,0.2990020751953125,0.4022430419921932,0.743336848574041,42.63873898965951,,,,,432.1857719629902,432.8410418205003,-0.8537086118467982,-0.6386095340025911,-0.8860224974274693,-292717.0245201079,-0.4198170170209281,430.1900024414063,434.3500061035156,9.831639951581499,20.195004615431262,0,0,0,0,1,0,
2024-01-04 14:30:00-05:00,VOO,430.5700073242188,431.010009765625,430.1300048828125,430.30999755859375,486634,0.0,0.0,0.0,,-0.06711614878325278,432.34488677978516,,25,90,-0.28900146484375,0.0,0.28900146484375,0.2990020751953125,0.420001220703125,0.7119076337319984,41.58563345967582,432.34488677978516,1.3547236001254208,434.1737636399545,430.8546908196472,432.00712678161915,432.74178518277853,-0.9543184287801978,-0.7017513129581125,-0.5909280066583438,-287565.65959217644,-0.4526118017915004,430.1300048828125,434.3500061035156,4.265228050129808,12.692935314819527,0,0,0,0,1,0,
2024-01-04 15:30:00-05:00,VOO,430.30999755859375,430.6900024414063,429.2099914550781,429.4400024414063,648722,0.0,0.0,0.0,,-0.20217869027525648,432.1403869628906,,25,90,-0.8699951171874432,0.0,0.8699951171874432,0.2290008544921875,0.5070007324218693,0.45167756148651594,31.114179447948402,432.1403869628906,1.4701898138778513,434.1251432116257,430.52317816762496,431.7626387492179,432.6123035066463,-1.1137306354937664,-0.7841471774652433,-0.6891766501020032,-447084.05480747175,-0.7009259145760716,429.2099914550781,433.0,6.068877776974066,6.721915259561791,0,-2,0,0,1,0,
2024-01-05 09:30:00-05:00,VOO,429.5899963378906,432.2900085449219,429.2799987792969,431.4400024414063,1341862,0.0,0.0,0.0,,0.4657227991406998,432.0098876953125,,25,90,2.0,2.0,-0.0,0.3730010986328125,0.5070007324218693,0.7357013013591521,42.38640028575518,432.0098876953125,1.4062092690467152,433.90827020852555,430.4630574993611,431.7319114818073,432.56633091585263,-1.0324806917157616,-0.833813880315347,0.4352137237408116,583996.7577662929,-0.060815381057846035,429.2099914550781,433.0,58.8392073499705,23.05777105902479,0,-2,0,0,1,1,
2024-01-05 10:30:00-05:00,VOO,431.4500122070313,432.2999877929688,431.0400085449219,431.1199951171875,930156,0.0,0.0,0.0,,-0.07417191785832333,431.83288726806643,,25,90,-0.32000732421880684,0.0,0.32000732421880684,0.3730010986328125,0.3850006103515625,0.9688324865049105,49.20847726485816,431.83288726806643,1.2714119129809915,433.54929335059074,430.43433416378736,431.67363373279585,432.50961186492464,-0.9907950377471479,-0.8652101118017073,-0.8730350957928703,-812058.8325623131,-0.23115584735494835,429.2099914550781,433.0,50.39576136757093,38.43461549817183,0,-2,0,0,1,1,
2024-01-05 11:30:00-05:00,VOO,431.1000061035156,431.6788024902344,429.3800048828125,429.4800109863281,841984,0.0,0.0,0.0,,-0.3804008511397394,431.58888854980466,,25,90,-1.639984130859375,0.0,1.639984130859375,0.3730010986328125,0.5019989013671875,0.7430317030912794,42.628696986607146,431.58888854980466,1.2284429892780262,433.24728658533,430.23760126159885,431.4647172807513,432.3908039873327,-1.1128471819308743,-0.9147375258275408,-0.9129926852257491,-768725.2330771171,-0.3200984803070574,429.2099914550781,433.0,7.124509827604254,38.7864928483819,0,-2,0,0,1,0,
2024-01-05 12:30:00-05:00,VOO,429.5,429.9800109863281,428.8599853515625,429.9299926757813,594001,0.0,0.0,0.0,,0.10477360481102593,431.40138854980466,,25,90,0.44998168945318184,0.44998168945318184,-0.0,0.32325744628906816,0.5019989013671875,0.6439405453053397,39.170549515568794,431.40138854980466,1.177608312939862,432.9911597722735,430.1060194055708,431.31855303265894,432.2943015829581,-1.1563805825321651,-0.9630661371684657,0.9106836325986682,540946.9884472415,-0.4394653899290823,428.8599853515625,433.0,25.845496093175484,27.78858909611689,0,-2,0,0,1,0,
2024-01-05 13:30:00-05:00,VOO,429.9299926757813,430.95989990234375,429.9299926757813,430.2500915527344,625025,0.0,0.0,0.0,,0.07445372093275449,431.27689361572266,,25,90,0.32009887695306816,0.32009887695306816,-0.0,0.277008056640625,0.5019989013671875,0.5518100854129305,35.55912483105793,431.27689361572266,1.1601296653637592,432.8430686639637,430.0007509838225,431.21679479647565,432.2141364837337,-1.1496655946062901,-1.0003860286560307,-0.37839279364710704,-236504.95584928308,-0.22526974661896776,428.8599853515625,433.0,33.57732566710895,22.182443862629565,0,-2,0,0,1,1,
2024-01-05 14:30:00-05:00,VOO,430.25,430.5199890136719,428.7000122070313,429.1000061035156,660785,0.0,0.0,0.0,,-0.26730626484429143,431.0158935546875,,25,90,-1.15008544921875,0.0,1.15008544921875,0.277008056640625,0.5220062255859432,0.5306604462996358,34.668724051928365,431.0158935546875,1.0179440975614256,432.39011808639543,429.89615504737,431.01519587333655,432.09201372372513,-1.2494996254432635,-1.0502087480134772,-0.5604406660295271,-370330.7855023211,-0.035050732708959934,428.7000122070313,432.7799987792969,9.803804238066556,23.075541999450333,0,-2,0,0,1,0,
2024-01-05 15:30:00-05:00,VOO,429.05999755859375,430.3399963378906,428.6400146484375,430.0299987792969,656844,0.0,0.0,0.0,,0.21673098637917665,430.9438934326172,,25,90,0.92999267578125,0.92999267578125,-0.0,0.37000732421875,0.4920074462890625,0.7520360250835809,42.92354805020091,430.9438934326172,1.0349189623420698,432.341034031779,429.8054825740409,430.92136757866615,432.0111503925711,-1.226211589960883,-1.0854093164029583,0.6352930616641235,417288.4357957095,-0.09757131509568598,428.6400146484375,432.7799987792969,33.57462461023596,25.651918171803818,0,-2,0,0,1,1,
2024-01-08 09:30:00-05:00,VOO,430.6600036621094,431.9100036621094,430.3699951171875,431.860107421875,1609246,0.0,0.0,0.0,,0.42557697085625623,430.9553283691406,,25,90,1.830108642578125,1.830108642578125,-0.0,0.5530181884765625,0.4269073486328125,1.2954056430455576,56.434715448673636,430.9553283691406,1.0441376094342523,432.36491414187685,429.8067769987629,431.01077137325746,432.0052271388183,-1.0147439083302174,-1.0712762347884102,0.9352000475595981,1504966.935735093,0.5302326153417831,428.6400146484375,432.7799987792969,77.78031682380086,40.386248557367786,0,-2,0,0,-1,1,
2024-01-08 10:30:00-05:00,VOO,431.8800048828125,432.6000061035156,431.8800048828125,432.260009765625,761958,0.0,0.0,0.0,,0.09259997320367752,430.9923294067383,,25,90,0.39990234375,0.39990234375,-0.0,0.5930084228515625,0.3980072021484375,1.4899439498846028,59.83845338983051,430.9923294067383,1.0777709445266197,432.44732018184925,429.806781367759,431.1297464582448,432.0152186143794,-0.7971361213009232,-1.0164482120909129,0.05556732929258679,42339.97109312085,0.6487992735332871,428.6400146484375,432.6499938964844,90.27465962450248,67.20986701951308,0,-2,0,0,-1,1,
2024-01-08 11:30:00-05:00,VOO,432.2950134277344,433.05999755859375,432.260009765625,432.5899963378906,921313,0.0,0.0,0.0,,0.07633983362109742,431.01082916259764,,25,90,0.329986572265625,0.329986572265625,-0.0,0.626007080078125,0.3110076904296932,2.012834728341359,66.8086672463934,431.01082916259764,1.1028367892133788,432.4996588280357,429.7977086944629,431.26881787535393,432.03775891726224,-0.5834003667058596,-0.9298386430139023,-0.17502098115510795,-161249.10521095595,0.42097210177419214,428.6400146484375,433.05999755859375,89.36644710496154,85.80714118442161,0,-2,0,-1,-1,1,
2024-01-08 12:30:00-05:00,VOO,432.5799865722656,433.489990234375,432.5400085449219,433.1700134277344,551703,0.0,0.0,0.0,,0.1340800977262413,431.0303298950195,,25,90,0.58001708984375,0.58001708984375,-0.0,0.4840087890625,0.3110076904296932,1.5562598738114346,60.880346703209796,431.0303298950195,1.1386335456906571,432.5674851817019,429.7778329947598,431.44988411843775,432.08216105492784,-0.34959020600228996,-0.8137889556115798,0.32635163352500884,180049.17527064795,0.02735604134670597,428.6400146484375,433.489990234375,93.40250685862425,91.01453786269609,0,-2,0,-1,1,1,
2024-01-08 13:30:00-05:00,VOO,433.1900024414063,434.6799926757813,433.1798095703125,434.6400146484375,695871,0.0,0.0,0.0,,0.3393589526363483,431.20033111572263,,25,90,1.470001220703125,1.470001220703125,-0.0,0.6310089111328125,0.2790069580078125,2.2616242821985235,69.34042938489708,431.20033111572263,1.396256252616019,433.08527705675425,429.664449237845,431.7537060736758,432.18246903898705,-0.012843155506175208,-0.653599795590499,0.9467024695877858,658782.7942145221,0.312410404172377,428.6400146484375,434.6799926757813,99.33810972220726,94.03568789526435,0,-2,0,-1,-1,1,
2024-01-08 14:30:00-05:00,VOO,434.6799926757813,435.5799865722656,434.6799926757813,435.2699890136719,858745,0.0,0.0,0.0,,0.14494163997853526,431.42533111572266,,25,90,0.629974365234375,0.629974365234375,-0.0,0.69400634765625,0.115008544921875,6.034389428434963,85.78412511599484,431.42533111572266,1.6607785114527267,433.6673821061838,429.59847475312466,432.0885901631992,432.30354825368056,0.31966777296423743,-0.4589462818795517,0.3111118646366253,267165.75819737883,0.5250855771051531,428.6400146484375,435.5799865722656,95.53315831827236,96.09125829970128,0,-2,0,-1,-1,0,
2024-01-08 15:30:00-05:00,VOO,435.2749938964844,436.2699890136719,435.2001037597656,436.0799865722656,1479517,0.0,0.0,0.0,,0.18609083535237048,431.6434600830078,,25,90,0.80999755859375,0.80999755859375,-0.0,0.7300079345703068,0.115008544921875,6.347423446372608,86.38978674226684,431.6434600830078,1.9605909964946677,434.29025792827565,429.4868099868637,432.4687231545389,432.45164387401724,0.6639877712630664,-0.2343594712510281,0.6448171601346341,954017.9503109134,0.6196058322831643,428.6400146484375,436.2699890136719,97.50978925601655,97.4603524321654,0,-2,0,-1,-1,1,
2024-01-09 09:30:00-05:00,VOO,433.6199951171875,434.6199035644531,433.1632995605469,434.19378662109375,974303,0.0,0.0,0.0,,-0.4325353167426993,431.7281494140625,,25,90,-1.886199951171875,0.0,1.886199951171875,0.697998046875,0.3036285400390625,2.2988551958429237,69.6864536139641,431.7281494140625,2.034718178090122,434.47501895448414,429.4899594181634,432.6330149132584,432.519963197432,0.7458373567179706,-0.038320105657228376,0.41491724282421955,404255.1144353656,0.49068888397470173,428.6400146484375,436.2699890136719,72.7888680460285,88.61060520677246,0,-2,0,0,-1,0,
2024-01-09 10:30:00-05:00,VOO,434.1900024414063,434.9700012207031,433.9100036621094,434.9299926757813,485679,0.0,0.0,0.0,,0.16955702208838463,431.89714965820315,,25,90,0.7362060546875568,0.7362060546875568,-0.0,0.7716186523437557,0.1886199951171875,4.090863494426228,80.35696692526017,431.89714965820315,2.155901573279947,434.80761678213105,429.5256579275952,432.8517747001654,432.6144741573673,0.8786162165895348,0.14506715879212428,0.9245120055278322,449016.066332752,0.6148289661194071,428.6400146484375,436.2699890136719,82.4377347321611,84.24546401140203,0,-2,0,-1,-1,0,
2024-01-09 11:30:00-05:00,VOO,434.9400024414063,435.9150085449219,434.760009765625,435.8099060058594,678362,0.0,0.0,0.0,,0.202311485732376,432.1251449584961,,25,90,0.8799133300780682,0.8799133300780682,-0.0,0.7666107177734375,0.1886199951171875,4.064313103693756,80.25398549567106,432.1251449584961,2.3188193762825575,435.25555111647753,429.5744436445853,433.13350149118384,432.73978521024935,1.065396333071817,0.3291329936480628,0.8180040690147171,554902.8762649616,0.6585348554924181,428.6400146484375,436.2699890136719,93.97005827557106,83.06555368458687,0,-2,0,-1,-1,1,
2024-01-09 12:30:00-05:00,VOO,435.8299865722656,436.4299926757813,435.3800048828125,435.4100036621094,380724,0.0,0.0,0.0,,-0.09176072829896187,432.3656951904297,,25,90,-0.39990234375,0.0,0.39990234375,0.583599853515625,0.2286102294921875,2.5528160083298848,71.85331304364162,432.3656951904297,2.400278818262425,435.60607159508396,429.725388490341,433.35031122174814,432.8444996593419,1.1661311501474643,0.49653262494794315,-0.9428588036970327,-358968.97517874907,0.4175068488857298,428.6400146484375,436.4299926757813,86.90639421457107,87.77139574076774,0,-2,0,0,-1,0,
2024-01-09 13:30:00-05:00,VOO,435.4100036621094,436.1799926757813,434.8200073242188,435.2099914550781,706634,0.0,0.0,0.0,,-0.04593652083071387,432.6106948852539,,25,90,-0.20001220703125,0.0,0.20001220703125,0.543609619140625,0.2486114501953125,2.1865831952372186,68.61842485409966,432.6106948852539,2.429306389864172,435.89025851157055,429.9384578564033,433.5274236249224,432.9372640434885,1.2171036949209224,0.640646838942539,-0.4264877479580766,-301370.74329060747,-0.05971322871372304,428.6400146484375,436.4299926757813,84.33883617616348,88.40509622210186,0,-2,0,0,1,0,
2024-01-09 14:30:00-05:00,VOO,435.2099914550781,435.7799987792969,434.8800048828125,435.3699951171875,518205,0.0,0.0,0.0,,0.036764703304359436,432.90719451904295,,25,90,0.160003662109375,0.160003662109375,-0.0,0.526611328125,0.2486114501953125,2.118210274350948,67.93032181871862,432.90719451904295,2.3833994709083437,436.1247838047692,430.2854551010438,433.70290662418574,433.0326652620649,1.2637485821128962,0.7652671875766105,0.08887457190329252,46055.2475331457,-0.38259755047681776,428.6400146484375,436.4299926757813,86.39280425601868,85.87934488225108,0,-2,0,0,1,1,
2024-01-09 15:30:00-05:00,VOO,435.4023132324219,435.739990234375,434.6300048828125,435.4299926757813,2000538,0.0,0.0,0.0,,0.013780820742526068,433.10669403076173,,25,90,0.05999755859380684,0.05999755859380684,-0.0,0.47460937500000566,0.2486114501953125,1.9090406923218788,65.62440660801343,433.10669403076173,2.4208211369398356,436.3748025656305,430.4437907801279,433.867391010052,433.1266781018185,1.2965618254663127,0.871526115154551,0.4414384691521974,883114.4322007988,0.1946435831976656,430.3699951171875,436.4299926757813,83.49834318692292,84.74332787303503,0,-2,0,0,-1,0,
2024-01-10 09:30:00-05:00,VOO,435.7699890136719,436.8016052246094,435.4800109863281,436.239990234375,643426,0.0,0.0,0.0,,0.1860224541759603,433.3626937866211,,25,90,0.8099975585936932,0.8099975585936932,-0.0,0.4086090087890625,0.2486114501953125,1.6435647210458477,62.17228986153288,433.3626937866211,2.469892173124989,436.6970482203398,430.6458123961836,434.09335284093993,433.2487687736835,1.392875202184939,0.9757959325606287,0.15009467510275712,96574.8164226666,0.3243800366636353,431.8800048828125,436.8016052246094,88.58877293499762,86.15997345931306,0,-2,0,0,-1,1,
2024-01-10 10:30:00-05:00,VOO,436.25,436.760009765625,435.989990234375,436.3200073242188,618641,0.0,0.0,0.0,,0.018342447193075984,433.70469360351564,,25,90,0.08001708984380684,0.08001708984380684,-0.0,0.3536132812500057,0.2486114501953125,1.42235315779785,58.7178278781986,433.70469360351564,2.375734564821526,436.91193526602467,431.09138558221196,434.3054151726808,433.3692095011554,1.466367862352115,1.073910318518926,-0.1428344958781022,-88363.27536452503,0.273194570982065,432.260009765625,436.8016052246094,89.39584327270165,87.16098646487406,0,-2,0,0,-1,1,
2024-01-10 11:30:00-05:00,VOO,436.30999755859375,436.6700134277344,436.0499877929688,436.627685546875,448631,0.0,0.0,0.0,,0.07051664317276884,434.0395782470703,,25,90,0.30767822265619316,0.30767822265619316,-0.0,0.30338134765625,0.2486114501953125,1.2203031976922605,54.96110616606865,434.0395782470703,2.286007091721241,437.125687820894,431.52497044617695,434.52658377974694,433.49699287549737,1.5437020773260883,1.1678686702803587,0.8634640941083697,387376.760003932,0.23124379701272438,432.5400085449219,436.8016052246094,95.91890808054768,91.30117476274899,0,-2,0,0,-1,1,
2024-01-10 12:30:00-05:00,VOO,436.6199951171875,437.3399963378906,436.3500061035156,436.760009765625,490406,0.0,0.0,0.0,,0.030305961607601795,434.36507415771484,,25,90,0.13232421875,0.13232421875,-0.0,0.31661376953125,0.059991455078125,5.277647776986468,84.0704665899551,434.36507415771484,2.1789945354906695,437.30671678062726,431.96818016867513,434.73929101649725,433.62495432216906,1.605969077233965,1.25548875167108,-0.1717016029593095,-84203.49630086313,0.1379039752365661,433.1632995605469,437.3399963378906,86.11374961640192,90.47616698988377,0,-2,0,0,-1,0,
2024-01-10 13:30:00-05:00,VOO,436.7749938964844,438.1759948730469,436.7297973632813,437.9800109863281,577181,0.0,0.0,0.0,,0.27932988218353216,434.80907440185547,,25,90,1.220001220703125,1.220001220703125,-0.0,0.3649932861328068,0.059991455078125,6.084087903143663,85.88385669866919,434.80907440185547,1.94146484105283,437.4300519372768,432.6734630766974,435.047931013624,433.79574085801846,1.7641997991660787,1.3572309611700797,0.7289666378273333,420745.69298781804,0.47745044359774574,433.1632995605469,438.1759948730469,96.090249366842,92.70763568793053,0,-2,0,-1,-1,1,
2024-01-10 14:30:00-05:00,VOO,438.0299987792969,438.7349853515625,437.3250122070313,437.6300048828125,659648,0.0,0.0,0.0,,-0.07991371631947963,435.18907470703124,,25,90,-0.350006103515625,0.0,0.350006103515625,0.277001953125,0.0949920654296875,2.9160535869181095,74.46408794454243,435.18907470703124,1.6834568005247228,437.4617413877396,433.33727222645405,435.2938428106896,433.9461041531084,1.8412512249008728,1.4540350139162384,-0.5673780355829384,-374269.7864162142,-0.021842765882615425,433.1632995605469,438.7349853515625,80.16793282686925,87.45731060337106,0,-2,0,-1,1,0,
2024-01-10 15:30:00-05:00,VOO,437.6499938964844,438.1700134277344,436.6799926757813,437.9100036621094,641078,0.0,0.0,0.0,,0.06398070885744733,435.49156951904297,,25,90,0.279998779296875,0.279998779296875,-0.0,0.3050018310546875,0.0550018310546875,5.545303223658658,84.72186901310548,435.49156951904297,1.5950231503432528,437.64485077200635,433.7370440536654,435.5430009870153,434.1015511926771,1.9155542091306756,1.5463388529591258,0.6509984639016764,417340.7932411589,0.24698597950418352,433.1632995605469,438.7349853515625,85.19331993230105,87.15050070867075,0,-2,0,-1,-1,0,
2024-01-11 09:30:00-05:00,VOO,438.9400024414063,439.3550109863281,435.2000122070313,436.4800109863281,1160618,0.0,0.0,0.0,,-0.32654944253902585,435.70256958007815,433.31718688964844,25,90,-1.42999267578125,0.0,1.42999267578125,0.3050018310546875,0.1779998779296875,1.7134946079860098,63.14715359828142,435.70256958007815,1.41386919166573,437.6112929888269,434.14731346924583,435.6322400345689,434.1948241257615,1.8163957551898307,1.6003502334052668,-0.3838752561494413,-445532.53204165224,-0.16351291213934646,433.9100036621094,439.3550109863281,47.19933640470346,70.85352972129125,0,-1,0,0,1,0,
2024-01-11 10:30:00-05:00,VOO,436.5,437.010009765625,434.2300109863281,434.7192077636719,976561,0.0,0.0,0.0,,-0.4034098190836555,435.8090301513672,433.3409710693359,25,90,-1.76080322265625,0.0,1.76080322265625,0.28900146484375,0.3540802001953125,0.8162034044386985,44.94008779214616,435.8090301513672,1.2361593097146293,437.47784521948194,434.44925491068113,435.54528458019774,434.2153881899933,1.5462083487959148,1.5895218564833966,-0.6480597178769416,-632869.846149624,-0.23794112097985082,434.2300109863281,439.3550109863281,9.545302972560975,47.312653103188495,0,-1,0,0,1,0,
2024-01-11 11:30:00-05:00,VOO,434.6499938964844,435.2200012207031,434.0,434.6199951171875,598841,0.0,0.0,0.0,,-0.022822236678876617,435.8815292358398,433.3523712158203,25,90,-0.099212646484375,0.0,0.099212646484375,0.2830017089843693,0.36400146484375,0.7774740936986329,43.740389604263456,435.8815292358398,1.1092429765810727,437.3790072542243,434.6613619616006,435.4571617741968,434.2312551283147,1.3071871598393159,1.5330549171545806,0.016384421042099206,9811.66308127173,-0.3905639268389867,434.0,439.3550109863281,11.577849583696636,22.77416298698702,0,-1,0,0,1,0,
2024-01-11 12:30:00-05:00,VOO,434.6400146484375,436.5199890136719,434.6400146484375,436.2850036621094,533413,0.0,0.0,0.0,,0.3830952472568372,435.9637786865234,433.38487121582034,25,90,1.665008544921875,1.665008544921875,-0.0,0.3685028076171875,0.36400146484375,1.0123662765350951,50.3072571002429,435.9637786865234,1.0727268092885112,437.4119598790629,434.78377919630606,435.5360038587599,434.31179428650273,1.2711549431420508,1.4806749223520748,0.7500121747317501,400066.244160187,-0.10574276971102975,434.0,439.3550109863281,42.670382338023515,21.264511631427037,0,-1,0,0,1,1,
2024-01-11 13:30:00-05:00,VOO,436.4400024414063,437.6199951171875,436.1687927246094,437.510009765625,533586,0.0,0.0,0.0,,0.2807811621378553,436.0757797241211,433.44787170410154,25,90,1.225006103515625,1.225006103515625,-0.0,0.48300170898436934,0.36400146484375,1.3269224320064232,57.024781477664675,436.0757797241211,1.1126713973544846,437.5778861105497,434.8518411870312,435.72400442131845,434.43721450137025,1.353989183823387,1.4553377746463374,0.8484217609824827,452705.973755599,0.517807160950066,434.0,439.3550109863281,65.54626637716345,39.931499432961196,0,-1,0,0,-1,1,
2024-01-11 14:30:00-05:00,VOO,437.5700073242188,438.2699890136719,436.9500122070313,437.3200073242188,479472,0.0,0.0,0.0,,-0.04342813585178629,436.1377807617188,433.52067199707034,25,90,-0.19000244140619316,0.0,0.19000244140619316,0.45223388671875,0.3830017089843693,1.1807620595687893,54.14447002082686,436.1377807617188,1.146939111432426,437.68614856215254,434.8761477391431,435.87600469778516,434.5502652003055,1.3900704909742103,1.442284317911912,-0.43939148729565475,-210675.91519662217,0.4152009980912439,434.0,439.3550109863281,61.99814216432264,56.7382636265032,0,-1,0,0,-1,1,
2024-01-11 15:30:00-05:00,VOO,437.5,438.0700073242188,437.010009765625,437.760009765625,455177,0.0,0.0,0.0,,0.10061338014202281,436.3160919189453,433.62107238769534,25,90,0.44000244140619316,0.44000244140619316,-0.0,0.48300170898436934,0.3830017089843693,1.2610954407101123,55.77364926772205,436.3160919189453,1.1052633296100982,437.80819741391895,435.10030225637416,436.0554337518651,434.6761375362004,1.4512994690961705,1.4440873481487637,0.41509759889437914,188942.8797719468,0.2935313068622692,434.0,439.3550109863281,70.21479087950853,65.91973314033153,0,-1,0,0,-1,1,
2024-01-12 09:30:00-05:00,VOO,439.1099853515625,439.7999877929688,437.3399963378906,437.9100036621094,1014045,0.0,0.0,0.0,,0.03426395585213182,436.46509246826173,433.6928723144531,25,90,0.149993896484375,0.149993896484375,-0.0,0.3760009765624943,0.3830017089843693,0.9817214068301698,49.53882031281412,436.46509246826173,1.1094283446655517,437.96282073356025,435.24472128912964,436.23205945760265,434.8029558156478,1.5032072980604312,1.4559113381310973,-0.5365778014861972,-544114.0367080708,-0.29037246080336165,434.0,439.7999877929688,67.4139981268475,66.5423103902262,0,-1,0,0,1,1,
2024-01-12 10:30:00-05:00,VOO,437.9200134277344,438.260009765625,436.7300109863281,437.9750061035156,612288,0.0,0.0,0.0,,0.01484379001681635,436.5733474731445,433.8229724121094,25,90,0.06500244140625,0.06500244140625,-0.0,0.3825012207031193,0.3480010986328068,1.099137968833585,52.361397161728064,436.5733474731445,1.1471241099918215,438.12196502163346,435.3115109521535,436.39805437626103,434.9273499445838,1.5387411902569283,1.4724773085562635,0.6274458960805824,384177.5928193877,0.013935285385736232,434.0,439.7999877929688,68.53473223399598,68.721173746784,0,-1,0,0,1,0,
2024-01-12 11:30:00-05:00,VOO,438.010009765625,438.1700134277344,436.8599853515625,437.3699951171875,496128,0.0,0.0,0.0,,-0.1381382448534363,436.6713470458984,433.937744140625,25,90,-0.605010986328125,0.0,0.605010986328125,0.3545013427734318,0.4085021972656193,0.8678076767918224,46.461297251030864,436.6713470458984,1.1260359223879157,438.1914955411221,435.4327075312717,436.49062016111117,435.0231399513526,1.4940115777638425,1.4767841623977793,-0.22137582407342699,-109830.74484590118,-0.12710112870605592,434.0,439.7999877929688,58.10348637755528,64.68407224613291,0,-1,0,0,1,0,
2024-01-12 12:30:00-05:00,VOO,437.3492126464844,438.1199951171875,437.0700073242188,438.0,404574,0.0,0.0,0.0,,0.14404391930080696,436.8108474731445,434.06734436035157,25,90,0.6300048828125,0.6300048828125,-0.0,0.4175018310546818,0.26550292968749434,1.5724942528735752,61.127221221856516,436.8108474731445,1.1081452545211152,438.306843566748,435.5918876931713,436.6343706219577,435.1398795611035,1.508654586608145,1.4831582472398526,0.771435214788106,312102.6305876832,0.3876096197338844,434.0,439.7999877929688,68.9656623906883,65.20129366741318,0,-1,0,0,-1,1,
2024-01-12 13:30:00-05:00,VOO,438.0499877929688,438.6499938964844,437.8900146484375,438.2900085449219,434257,0.0,0.0,0.0,,0.06621199655749699,436.95684814453125,434.1887445068359,25,90,0.290008544921875,0.290008544921875,-0.0,0.44650268554686934,0.08942260742186932,4.993174527336272,83.31435209439061,436.95684814453125,1.1006522047577099,438.44272862095414,435.74613071929775,436.79205042414475,435.26341403105715,1.536769659820095,1.4938805297559012,0.05264425972774364,22861.138296590772,0.1686441486505375,434.0,439.7999877929688,73.96582024056248,67.01165633626869,0,-1,0,0,-1,1,
2024-01-12 14:30:00-05:00,VOO,438.25,438.2799987792969,437.2200012207031,437.6000061035156,425896,0.0,0.0,0.0,,-0.15743056605305172,437.06534881591796,434.2851446533203,25,90,-0.69000244140625,0.0,0.69000244140625,0.44650268554686934,0.14850158691405682,3.006719960543428,75.04192931256492,437.06534881591796,1.0479098711959323,438.48002714203244,435.9126479576024,436.86899858408486,435.3550450927222,1.477636826888272,1.4906317891823755,-0.28300800368515,-120531.97673749065,0.16954788831643777,434.0,439.7999877929688,62.069201384868954,68.33356133870657,0,-1,0,0,-1,0,
2024-01-12 15:30:00-05:00,VOO,437.6000061035156,438.25,437.510009765625,438.0199890136719,528896,0.0,0.0,0.0,,0.09597415546125365,437.1543487548828,434.4207446289063,25,90,0.41998291015625,0.41998291015625,-0.0,0.3220001220703068,0.14850158691405682,2.168327818992667,68.43760945425343,437.1543487548828,1.0497089371313044,438.57145582001004,435.99966892403836,436.978616720236,435.45955269746537,1.4599289094271057,1.4844912132313217,0.37834048168921147,200102.7674034972,0.07374248781907436,434.0,439.7999877929688,69.31030128279264,68.44844096940803,0,-1,0,0,1,1,
2024-01-16 09:30:00-05:00,VOO,437.0,437.6499938964844,435.1099853515625,437.3599853515625,1657383,0.0,0.0,0.0,,-0.1506788910696888,437.20634765625,434.55254455566404,25,90,-0.660003662109375,0.0,0.660003662109375,0.1994995117187443,0.21450195312499432,0.9300591850671504,48.18811735220399,437.20634765625,1.0318091233433482,438.59928997276353,436.0713576205723,437.0149375422671,435.5340794682143,1.3677512802348133,1.4611432266320201,0.7716475832322092,1278915.5864401485,0.5200594818900554,434.0,439.7999877929688,57.930903848379366,63.10346883868032,0,-1,0,0,-1,0,
2024-01-16 10:30:00-05:00,VOO,437.3699951171875,437.9800109863281,436.1499938964844,437.3200073242188,981797,0.0,0.0,0.0,,-0.00914076017072274,437.2409637451172,434.6645965576172,25,90,-0.03997802734369316,0.0,0.03997802734369316,0.1994995117187443,0.1994995117187443,1.0,50.0,437.2409637451172,1.0229491545836291,438.6219451038051,436.1157196750752,437.04399180721487,435.6041158547243,1.2786071270696198,1.42463600671954,0.2786912583798106,273618.24140352296,0.5532179768563534,434.0,439.7999877929688,57.241626064171655,61.49427706511455,0,-1,0,0,-1,0,
2024-01-16 11:30:00-05:00,VOO,437.4400024414063,437.8299865722656,435.9400024414063,436.0,500651,0.0,0.0,0.0,,-0.30184014042609064,437.2029632568359,434.7345965576172,25,90,-1.3200073242188068,0.0,1.3200073242188068,0.155499267578125,0.331500244140625,0.46907738478817224,31.930066424363957,437.2029632568359,1.055358956856255,438.6276978485919,436.042068404294,436.9445640160515,435.6196407231665,1.0648955282351267,1.3526879110226575,-0.9365099869209864,-468864.66146197874,0.3451361447102385,434.6400146484375,439.7999877929688,26.35644243621409,47.17632411625504,0,-1,0,0,-1,0,
2024-01-16 12:30:00-05:00,VOO,436.0,436.6900024414063,435.4400024414063,436.510009765625,569926,0.0,0.0,0.0,,0.11697471688647543,437.1294631958008,434.8337969970703,25,90,0.510009765625,0.510009765625,-0.0,0.1915008544921875,0.331500244140625,0.5776793769447462,36.61576524271052,437.1294631958008,1.049566432193166,438.54637787926157,435.9749401203883,436.90317789696326,435.6545571562041,0.9358766531535707,1.2693256594488402,0.7120117187499091,405793.9908202607,0.10258733094543449,435.1099853515625,439.7999877929688,29.85125128512086,37.816439928502206,0,-1,0,0,-1,0,
2024-01-16 13:30:00-05:00,VOO,436.5396118164063,436.68499755859375,434.739990234375,435.2099914550781,531360,0.0,0.0,0.0,,-0.29782096205420716,437.0084625244141,434.9129968261719,25,90,-1.300018310546875,0.0,1.300018310546875,0.1850006103515625,0.4615020751953125,0.40086625888576627,28.615598123164943,437.0084625244141,1.1255691133500167,438.52798082743664,435.77033649972907,436.7419220453551,435.63712320714035,0.6950935919784342,1.154479245954759,-0.5167100762544324,-274559.0661185552,-0.21076342999772962,434.739990234375,439.7999877929688,9.288566155627558,21.83208662565417,0,-1,0,0,1,0,
2024-01-16 14:30:00-05:00,VOO,435.2099914550781,436.0499877929688,435.010009765625,435.6300048828125,692603,0.0,0.0,0.0,,0.09650822269271497,436.8944625854492,435.01361694335935,25,90,0.420013427734375,0.420013427734375,-0.0,0.227001953125,0.4010009765625,0.5660882800608827,36.146639194495194,436.8944625854492,1.144751411182382,438.43987699054543,435.6352360331486,436.63602517273205,435.6368440571667,0.5385006431444594,1.0312835253926993,0.19232349316267913,133203.82833495105,0.1474108782854774,434.739990234375,439.7999877929688,17.58923078778794,18.90968274284545,0,-1,0,0,-1,0,
2024-01-16 15:30:00-05:00,VOO,435.6300048828125,436.55999755859375,435.4100036621094,436.4500122070313,592732,0.0,0.0,0.0,,0.18823481280620946,436.89296264648436,435.1364172363281,25,90,0.8200073242188068,0.8200073242188068,-0.0,0.2460021972656307,0.4010009765625,0.6134703196347174,38.021791424933326,436.89296264648436,1.145342538723928,438.43917507376165,435.633085853888,436.6183096521891,435.6687330042202,0.4905132495662201,0.9231294702274035,0.8087201125176797,479354.2897328293,0.18605162228619848,434.739990234375,439.7999877929688,33.79491695113641,20.224237964850634,0,-1,0,0,-1,1,
2024-01-17 09:30:00-05:00,VOO,433.6000061035156,434.0,432.8800048828125,433.6099853515625,1690856,0.0,0.0,0.0,,-0.6507106830189846,436.8375015258789,435.2198168945313,25,90,-2.840026855468807,0.0,2.840026855468807,0.21700134277344318,0.6850036621093807,0.31678858782333436,24.057665046064017,436.8375015258789,1.275592576426352,438.55955150405447,435.4343496918099,436.331802575939,435.5879978021552,0.1646120258897099,0.7714259813598648,0.30354223433242505,513246.2081743869,0.37827018704181536,432.8800048828125,438.6499938964844,12.651332039286828,21.34515992607039,1,-1,1,0,-1,0,1.508763935758839
2024-01-17 10:30:00-05:00,VOO,433.3699951171875,434.4700012207031,433.30999755859375,434.239990234375,761273,0.0,0.0,0.0,,0.14529298311747318,436.8185012817383,435.27581665039065,25,90,0.6300048828125,0.6300048828125,-0.0,0.2800018310546932,0.6160034179687557,0.4545459049204418,31.250021287248657,436.8185012817383,1.3126530397192848,438.5905828853593,435.37458293804707,436.1325823529329,435.5351347602815,-0.034743867756901636,0.6101920115365116,0.6034305858830339,459375.41240693483,0.4768611474593262,432.8800048828125,438.6499938964844,23.569981647106115,23.338743545843116,0,-1,0,0,-1,1,1.508763935758839
2024-01-17 11:30:00-05:00,VOO,434.2300109863281,434.4800109863281,433.2200012207031,433.3219909667969,576850,0.0,0.0,0.0,,-0.21140366806904343,436.6703506469727,435.3198565673828,25,90,-0.917999267578125,0.0,0.917999267578125,0.23800354003906818,0.7078033447265681,0.33625659134319497,25.164073541084832,436.6703506469727,1.5259180931270082,438.73034007269416,434.99184074453296,435.86490698282466,435.44834480759584,-0.28563161916366653,0.431027285396476,-0.8381127688432475,-483465.3507072273,0.16149212981473118,432.8800048828125,438.6499938964844,7.660085364757155,14.627133017050033,0,-1,0,0,-1,0,1.508763935758839
2024-01-17 12:30:00-05:00,VOO,433.2799987792969,433.7799987792969,432.3500061035156,432.5650024414063,647701,0.0,0.0,0.0,,-0.17469423227324254,436.42310028076173,435.38155639648437,25,90,-0.7569885253905682,0.0,0.7569885253905682,0.23800354003906818,0.7175018310546875,0.3317114044004826,24.908655381667643,436.42310028076173,1.7646573559356549,438.8053877112749,434.4819771892325,435.55063035983244,435.3352725579413,-0.5596122990673962,0.23289936850370158,-0.6993042810191702,-452940.08212039754,-0.24021767307711547,432.3500061035156,438.6499938964844,3.4126468964056342,11.547571302756301,1,-1,1,0,1,0,1.508763935758839
2024-01-17 13:30:00-05:00,VOO,432.5499877929688,433.2000122070313,431.80999755859375,433.0299987792969,764746,0.0,0.0,0.0,,0.10749744784392945,436.20859985351564,435.4435565185547,25,90,0.46499633789056816,0.46499633789056816,-0.0,0.284503173828125,0.7135040283203182,0.3987408094918296,28.507126322902835,436.20859985351564,1.9050456961250224,438.7804115432844,434.1130495877781,435.31057020930524,435.24486966466117,-0.7278540627845018,0.0407486822460609,0.755378940897443,577673.0235355559,-0.18033124731604616,431.80999755859375,438.2799987792969,18.856274969458845,9.976335743540544,0,-1,0,0,1,1,1.508763935758839
2024-01-17 14:30:00-05:00,VOO,433.05999755859375,433.5400085449219,432.5499877929688,432.7449951171875,713742,0.0,0.0,0.0,,-0.06581614735995389,435.9578491210938,435.49345458984374,25,90,-0.285003662109375,0.0,0.285003662109375,0.284503173828125,0.610003662109375,0.4663958456320103,31.80558967220722,435.9578491210938,2.0168624596281384,438.68061344159173,433.73930041550284,435.06622972434167,435.1468353686818,-0.8849057022048896,-0.1443821946441292,-0.6060540673839583,-432566.24216276116,-0.14478172013287743,431.80999755859375,438.25,14.518590126335143,12.262503997399874,0,-1,0,0,1,1,1.508763935758839
2024-01-17 15:30:00-05:00,VOO,432.7300109863281,434.3200073242188,432.7000122070313,434.0400085449219,802475,0.0,0.0,0.0,,0.2992555528883001,435.76434936523435,435.5922546386719,25,90,1.295013427734375,1.295013427734375,-0.0,0.3630035400390625,0.610003662109375,0.595084197992856,37.30738469741402,435.76434936523435,2.0053259539922017,438.4715394031238,433.5584908158429,434.96849437392075,435.10343039520103,-0.8740213234871135,-0.2903100204127261,0.6543214527917315,525076.6078290447,0.29381598438985623,431.80999755859375,437.9800109863281,36.1427250110051,23.172530035599692,0,-1,0,0,-1,1,1.508763935758839
2024-01-18 09:30:00-05:00,VOO,435.5799865722656,436.0400085449219,435.0459899902344,435.7449951171875,1122984,0.0,0.0,0.0,,0.3928178367661239,435.652848815918,435.7065545654297,25,90,1.704986572265625,1.704986572265625,-0.0,0.533502197265625,0.4800018310546875,1.1114586710916985,52.63937610093193,435.652848815918,1.9367639230073357,438.2674801119779,433.5224085006099,435.0424468256604,435.1285897960633,-0.6878967360254933,-0.36982736353527956,0.4064226943386958,456406.18297924596,0.2079858823354226,431.80999755859375,437.9800109863281,63.77615875041423,38.145824629251486,0,-2,0,0,-1,1,1.508763935758839
2024-01-18 10:30:00-05:00,VOO,435.7999877929688,436.3999938964844,435.2900085449219,436.2300109863281,536318,0.0,0.0,0.0,,0.11130727250467931,435.595849609375,435.79395263671876,25,90,0.485015869140625,0.485015869140625,-0.0,0.54000244140625,0.4800018310546875,1.1250007947255654,52.94119407004054,435.595849609375,1.8999942096290052,438.1608417923742,433.50585597878313,435.15554817429546,435.17178278391685,-0.4847983683840198,-0.39282156450502764,0.6937204442978115,372054.7612449137,0.5498213493964744,431.80999755859375,437.8299865722656,73.42228395593699,57.78038923911877,0,-2,0,0,-1,1,1.508763935758839
2024-01-18 11:30:00-05:00,VOO,436.2699890136719,436.5299987792969,434.7300109863281,435.2000122070313,575341,0.0,0.0,0.0,,-0.2361136907953587,435.4558502197266,435.8527526855469,25,90,-1.0299987792968182,0.0,1.0299987792968182,0.4580017089843693,0.5830017089843693,0.7855923952302662,43.99617725348555,435.4558502197266,1.8147688485860018,437.9057881653177,433.459604486282,435.1597828440798,435.17288982011746,-0.42098937959138993,-0.3984551275223001,-0.47777287986158956,-274882.3264724468,0.24772575205601663,431.80999755859375,436.6900024414063,69.46744378017395,68.88862882884172,0,-2,0,0,-1,1,1.508763935758839
2024-01-18 12:30:00-05:00,VOO,435.2200012207031,435.2699890136719,434.1600036621094,434.4849853515625,375632,0.0,0.0,0.0,,-0.16429844563714546,435.2655990600586,435.8906524658203,25,90,-0.7150268554688068,0.0,0.7150268554688068,0.4580017089843693,0.3705017089843693,1.236166252079802,55.28060585522543,435.2655990600586,1.6976849346130056,437.55747372178615,433.3981456319843,435.095516416221,435.14591317429176,-0.4377687368865395,-0.40631784939514803,-0.414439678873859,-155676.80545474542,-0.03933619626709117,431.80999755859375,436.68499755859375,54.87154447115385,65.92042406908827,0,-2,0,0,1,0,1.508763935758839
2024-01-18 13:30:00-05:00,VOO,434.4018859863281,437.1188049316406,434.4018859863281,437.1000061035156,500609,0.0,0.0,0.0,,0.6018667710317338,435.24059906005857,435.96925231933596,25,90,2.615020751953125,2.615020751953125,-0.0,0.6565032958984318,0.3705017089843693,1.7719305470899416,63.924060036430895,435.24059906005857,1.664863540536872,437.48816483978334,433.409249165468,435.2864201959634,435.22254426955544,-0.1866002992925928,-0.362374339374637,0.9861616570067844,493681.4009525093,0.04348515552364064,431.80999755859375,437.1188049316406,99.64589357262344,74.66162727465041,0,-2,0,0,1,1,1.508763935758839
2024-01-18 14:30:00-05:00,VOO,437.1400146484375,437.7999877929688,436.4800109863281,437.7900085449219,549468,0.0,0.0,0.0,,0.15785916993165117,435.2291000366211,436.0322521972656,25,90,0.69000244140625,0.69000244140625,-0.0,0.7255035400390568,0.27870178222655684,2.6031535724062738,72.24653404567002,435.2291000366211,1.6453359474593068,437.4503035656912,433.41923049441584,435.52485718157845,435.32322914309924,0.08484744885362261,-0.272929981728985,0.9848796615262826,541159.8578595234,0.6166507003584094,431.80999755859375,437.7999877929688,99.83340126350018,84.78361310242583,0,-2,0,-1,-1,1,1.508763935758839
2024-01-18 15:30:00-05:00,VOO,437.8399963378906,438.3900146484375,437.3500061035156,437.8699951171875,606851,0.0,0.0,0.0,,0.018270533978492765,435.25460052490234,436.0842523193359,25,90,0.079986572265625,0.079986572265625,-0.0,0.7335021972656193,0.2030029296875,3.6132591701743553,78.32335095185633,435.25460052490234,1.6836071288677144,437.52747014887376,433.4026326831479,435.74820365163646,435.4231023185537,0.3093949513684038,-0.15646499510950726,-2.9343584025352856e-05,-17.807183309369407,0.6245434029895829,431.80999755859375,438.3900146484375,92.09698813620636,97.19209432410999,0,-2,0,-1,-1,0,1.508763935758839
2024-01-19 09:30:00-05:00,VOO,439.0,439.6099853515625,438.30999755859375,439.2300109863281,1204904,0.0,0.0,0.0,,0.310598096308623,435.3501007080078,436.1472528076172,25,90,1.360015869140625,1.360015869140625,-0.0,0.823004150390625,0.2030029296875,4.05414912808178,80.21427594124961,435.3501007080078,1.8526183989977725,437.8511355466548,433.31222046911023,436.0798043501785,435.5723928545449,0.6222722286687485,-0.0007175503538561084,0.4154185642518428,500539.4897413024,0.44116186417696107,431.80999755859375,439.6099853515625,95.12852615517039,95.68630518495898,0,-2,0,-1,-1,0,1.508763935758839
2024-01-19 10:30:00-05:00,VOO,439.1700134277344,440.4500122070313,438.6799926757813,440.0614013671875,562804,0.0,0.0,0.0,,0.18928360086152285,435.5531707763672,436.26460510253906,25,90,0.831390380859375,0.831390380859375,-0.0,0.9061431884765625,0.1745025634765625,5.1927213584932055,83.85201041496049,435.5531707763672,2.1295037656691225,438.4280008600205,433.2107166341312,436.4590040660841,435.7484324040603,0.9504955158355415,0.18952506288402343,0.5608965517240737,315674.8228965156,0.3437255109072923,431.80999755859375,440.4500122070313,95.5021969793294,94.24257042356872,0,-2,0,-1,-1,1,1.508763935758839
2024-01-19 11:30:00-05:00,VOO,440.0602111816406,440.6600036621094,439.4599914550781,440.489990234375,404015,0.0,0.0,0.0,,0.09739296967559152,435.7521697998047,436.37580505371096,25,90,0.4285888671875,0.4285888671875,-0.0,0.819500732421875,0.1745025634765625,4.696210279638342,82.44446832353438,435.7521697998047,2.3932533764621087,438.9830618580285,433.11959108569636,436.84290751068323,435.93437584838637,1.2480760753383606,0.4012352653748909,0.716647169523422,289536.20619500533,0.5091581747915475,431.80999755859375,440.6600036621094,98.07894564426527,96.23655625958834,0,-2,0,-1,-1,1,1.508763935758839
2024-01-19 12:30:00-05:00,VOO,440.5201110839844,442.0299987792969,440.4599914550781,441.99560546875,565043,0.0,0.0,0.0,,0.3418046420473386,436.0914505004883,436.49951904296876,25,90,1.505615234375,1.505615234375,-0.0,0.7995635986328125,0.1745025634765625,4.581959042339238,82.08514264588855,436.0914505004883,2.7645298112892993,439.82356574572884,433.0504677080701,437.33364064954674,436.17207112761633,1.626133751756754,0.6462149626512637,0.9561870699374101,540286.810558644,0.7477813534444783,431.80999755859375,442.0299987792969,99.66347058279011,97.74820440212825,0,-2,0,-1,-1,1,1.508763935758839
2024-01-19 13:30:00-05:00,VOO,442.03900146484375,443.4249877929688,441.99951171875,442.9100036621094,579651,0.0,0.0,0.0,,0.20687947618611702,436.4554504394531,436.64951904296873,25,90,0.914398193359375,0.914398193359375,-0.0,0.8425018310546875,0.1745025634765625,4.828019796785645,82.84151332925234,436.4554504394531,3.152607045814697,440.71146995130294,432.9875826890569,437.86472284121936,436.43630377602784,2.006463863389399,0.9182647427988908,0.277456647398793,160828.02312135775,0.6396624800882589,432.5499877929688,443.4249877929688,95.26451373922362,97.66897665542633,0,-2,0,-1,-1,0,1.508763935758839
2024-01-19 14:30:00-05:00,VOO,442.93499755859375,443.4400024414063,442.3800048828125,443.05029296875,983005,0.0,0.0,0.0,,0.031674449770990876,436.78546447753905,436.8063250732422,25,90,0.140289306640625,0.140289306640625,-0.0,0.85653076171875,0.07150268554688069,11.979001280408777,92.29524692697692,436.78546447753905,3.480422128256279,441.484034350685,432.95700013645717,438.3585866628889,436.6956759012326,2.308200088428407,1.1962518119247942,0.26469741463688734,260198.88207513344,0.45180907438276535,432.7000122070313,443.4400024414063,96.37141688072506,97.09980040091294,-1,-2,-1,-1,-1,0,1.508763935758839
2024-01-19 15:30:00-05:00,VOO,443.0799865722656,443.3599853515625,442.80999755859375,443.3599853515625,466910,0.0,0.0,0.0,,0.06990005146760847,437.27296447753906,436.9661248779297,25,90,0.3096923828125,0.3096923828125,-0.0,0.8875,-0.0,-inf,100.0,437.27296447753906,3.6888235014326862,442.2528762044732,433.2152586259631,438.83491034752444,436.957021369873,2.561424372547549,1.4692863240493452,1.0,466910.0,0.4375008771316092,434.1600036621094,443.4400024414063,99.13774676326122,96.92455912773663,-1,-1,-1,-1,-1,1,
2024-01-22 09:30:00-05:00,VOO,444.8699951171875,445.9200134277344,444.80999755859375,445.1400146484375,1273779,0.0,0.0,0.0,,0.40148623143414497,437.8179656982422,437.1603253173828,25,90,1.780029296875,1.780029296875,-0.0,0.8040008544921875,-0.0,-inf,100.0,437.8179656982422,4.008490834860806,443.22942832530424,433.40862577989526,439.4353964714209,437.27792306707164,2.9204411254491447,1.7595172843293052,-0.4053831138481841,-516368.4973744261,0.0773730032451177,434.1600036621094,445.9200134277344,93.36736282671427,96.2921754902335,-1,-1,-1,-1,1,0,
2024-01-22 10:30:00-05:00,VOO,445.1499938964844,445.1549072265625,443.8800048828125,444.8298950195313,708866,0.0,0.0,0.0,,-0.06966788396930435,438.393360900879,437.3321234130859,25,90,-0.31011962890619316,0.0,0.31011962890619316,0.7350006103515625,0.031011962890619315,23.700551072627842,95.9515073284816,438.393360900879,4.152511908957928,443.99925197797216,433.82559780102525,439.9491582379076,437.57407882991316,3.1525699054445795,2.0381278085523604,0.49013787820767246,347442.0771735599,0.12164804619579236,434.1600036621094,445.9200134277344,90.73029334219152,94.411800977389,-1,-1,-1,-1,-1,0,
2024-01-22 11:30:00-05:00,VOO,444.8800048828125,444.989013671875,444.1000061035156,444.7099914550781,718427,0.0,0.0,0.0,,-0.026954924971467342,439.0006103515626,437.49992309570314,25,90,-0.11990356445318184,0.0,0.11990356445318184,0.727001953125,0.0430023193359375,16.906110283159464,94.41531419059508,439.0006103515626,4.143344499859083,444.5941254263724,434.4429314017176,440.4025709252572,437.85391854070394,3.3001872226643627,2.290539691374761,0.37228382135869004,267458.7489272596,0.03647897158105884,434.1600036621094,445.9200134277344,89.710706055762,91.26945407488927,-1,-1,-1,-1,1,0,
2024-01-22 12:30:00-05:00,VOO,444.7300109863281,444.8299865722656,443.6799926757813,443.7999877929688,686623,0.0,0.0,0.0,,-0.20462856234280125,439.5391098022462,437.643369140625,25,90,-0.9100036621093182,0.0,0.9100036621093182,0.5910003662109375,0.1340026855468693,4.410362104304446,81.51694876015033,439.5391098022462,4.024693236797939,444.97244567192337,435.11194724176846,440.7261344364678,438.08709772706726,3.3000868951336315,2.492449132126535,-0.7913117320807688,-543332.8354164937,0.03385564548654069,434.4018859863281,445.9200134277344,81.59400783199935,87.3450024099843,0,-1,0,0,1,0,
2024-01-22 13:30:00-05:00,VOO,443.7799987792969,444.7900085449219,443.7449951171875,444.4299926757813,671223,0.0,0.0,0.0,,0.14195694009491167,440.1233596801759,437.7967687988281,25,90,0.6300048828125,0.6300048828125,-0.0,0.57086181640625,0.1340026855468693,4.260077431109267,80.98887301381197,440.1233596801759,3.8299288153884143,445.29376358095027,435.91043798324864,441.078882840212,438.3358387054482,3.335432551464521,2.6610458159941324,0.31098326665314735,208739.12119272552,-0.03233436320585407,436.4800109863281,445.9200134277344,84.21588594704744,85.17353327826959,0,-1,0,0,1,0,
2024-01-22 14:30:00-05:00,VOO,444.4100036621094,444.9700012207031,444.1199951171875,444.8900146484375,767636,0.0,0.0,0.0,,0.10350830957346346,440.66585998535163,437.9349688720703,25,90,0.46002197265619316,0.46002197265619316,-0.0,0.5740051269531193,0.1340026855468693,4.283534502391395,81.07327586206947,440.66585998535163,3.6887199806497493,445.6456319592288,436.60826800663693,441.4418477743287,438.59286521301647,3.381892847034237,2.8052152222021536,0.8117976519584964,623165.1023588123,0.13576750503417317,437.3500061035156,445.9200134277344,87.98135473716447,84.59708283873708,0,-1,0,0,-1,1,
2024-01-22 15:30:00-05:00,VOO,444.8999938964844,444.9700012207031,444.2099914550781,444.3299865722656,949219,0.0,0.0,0.0,,-0.12588011817132871,441.09510955810555,438.0689685058594,25,90,-0.560028076171875,0.0,0.560028076171875,0.4234436035156193,0.19000549316405682,2.2285861132972853,69.0266895505314,441.09510955810555,3.5839720356731726,445.9334718062643,437.1527403188651,441.7169086122275,438.8178503643596,3.3350701749966447,2.911186212761052,-0.6842274333440411,-649481.6800513974,0.07638885476108434,438.30999755859375,445.9200134277344,79.10612956910553,83.76779008443914,0,-1,0,0,1,0,
2024-01-23 09:30:00-05:00,VOO,444.8299865722656,445.1099853515625,444.25,444.6300964355469,628468,0.0,0.0,0.0,,0.06754211337307581,441.5151138305665,438.2033703613281,25,90,0.30010986328125,0.30010986328125,-0.0,0.36201477050780684,0.19000549316405682,1.905285812948743,65.57997855002631,441.5151138305665,3.4743506158108683,446.2054871619112,437.69332815317455,441.9943550715912,439.04578158283755,3.299806690595517,2.988910308327945,-0.11603974449964514,-72927.26614620298,-0.04231564003712398,438.6799926757813,445.9200134277344,82.18351802597344,83.0903341107478,0,-1,0,0,1,0,
2024-01-23 10:30:00-05:00,VOO,444.6099853515625,444.6099853515625,443.80999755859375,443.9249877929688,517196,0.0,0.0,0.0,,-0.15858320168398166,441.9513626098633,438.3522698974609,25,90,-0.7051086425780682,0.0,0.7051086425780682,0.3479858398437443,0.26051635742186363,1.3357542815641252,57.18727745067622,441.9513626098633,3.174502496293089,446.23694097985896,438.4594098639409,442.1782248545795,439.2371230028427,3.17377574859853,3.025883396382062,-0.7125200274660973,-368512.5081253557,-0.5207553139354111,439.4599914550781,445.9200134277344,69.1173552782012,76.8023342910934,0,-1,0,0,1,0,
2024-01-23 11:30:00-05:00,VOO,443.9200134277344,444.3699951171875,443.7799987792969,444.0700073242188,392268,0.0,0.0,0.0,,0.03266757565754119,442.4306137084961,438.5392858886719,25,90,0.14501953125,0.14501953125,-0.0,0.3315185546874943,0.26051635742186363,1.2725441042101406,55.99645357168696,442.4306137084961,2.671684759532331,446.03738813386474,439.4917604730105,442.3583946135928,439.42664787819075,3.0609772492986735,3.0329021669653846,-0.016914084725406026,-6634.854187065571,-0.29134879075188236,440.4599914550781,445.9200134277344,66.11724068547004,72.4727046632149,0,-1,0,0,1,0,
2024-01-23 12:30:00-05:00,VOO,444.1099853515625,444.7749938964844,443.9601135253906,444.56201171875,282104,0.0,0.0,0.0,,0.11079433116769621,442.8037139892578,438.7381262207031,25,90,0.49200439453119316,0.49200439453119316,-0.0,0.20271606445311363,0.26051635742186363,0.7781318089168893,43.76119953620713,442.8037139892578,2.394769445905167,446.0366527412298,440.16946759876214,442.5682629093221,439.6280346954676,2.99433458757278,3.025188651086864,0.47726762040296605,134639.10478615834,-0.201841823149214,441.99951171875,445.9200134277344,65.36153253364677,66.86537616577267,0,-1,0,0,1,0,
2024-01-23 13:30:00-05:00,VOO,444.5816040039063,444.8500061035156,444.4100036621094,444.510009765625,310896,0.0,0.0,0.0,,-0.011697345196892694,443.139714050293,438.90262634277343,25,90,-0.052001953125,0.0,0.052001953125,0.20271606445311363,0.23470458984374432,0.8637072866281515,46.34350537904396,443.139714050293,2.108626086183652,445.98635926664093,440.82022535549095,442.7531911813509,439.81948469821884,2.910902452718801,3.0023314114132518,-0.5454293244555417,-169571.7952559301,-0.04218907409642558,442.3800048828125,445.9200134277344,60.16948421969155,63.88275247960279,0,-1,0,0,1,0,
2024-01-23 14:30:00-05:00,VOO,444.5400085449219,445.6700134277344,444.4700012207031,445.3949890136719,407865,0.0,0.0,0.0,,0.1990909605193103,443.5159637451172,439.06032592773437,25,90,0.884979248046875,0.884979248046875,-0.0,0.2912139892578011,0.22271423339842614,1.3075679305005705,56.66433101351541,443.5159637451172,1.7616503375611456,445.8941917008247,441.57814837379993,443.0047909749053,440.0381319262758,2.9082289021503698,2.9835109095606756,0.541630639336758,220912.18071308683,0.18581875701849435,442.80999755859375,445.9200134277344,83.1182721840073,69.5497629791152,0,-1,0,0,-1,1,
2024-01-23 15:30:00-05:00,VOO,445.3699035644531,445.8200073242188,445.10980224609375,445.6199951171875,536439,0.0,0.0,0.0,,0.0505183284647881,443.83546295166013,439.22632568359376,25,90,0.225006103515625,0.225006103515625,-0.0,0.31371459960936365,0.1317138671874943,2.381788693234493,70.4298496827856,443.83546295166013,1.5040434699276721,445.86592163606247,442.1810151347397,443.25385803607503,440.2570285219979,2.904357925832926,2.9676803128151255,0.4367480233756155,234288.67291159183,0.22755661119243856,443.6799926757813,445.9200134277344,86.60644950341242,76.63140196903709,0,-1,0,0,-1,1,
2024-01-24 09:30:00-05:00,VOO,448.3200073242188,448.3999938964844,446.989990234375,448.0299987792969,936079,0.0,0.0,0.0,,0.540820360063865,444.2338928222656,439.43172546386717,25,90,2.410003662109375,2.410003662109375,-0.0,0.4917144775390511,0.1317138671874943,3.7332020389250054,78.87265340088635,444.2338928222656,1.5071138531247656,446.268496523984,442.5760675838284,443.7087285830485,440.56185088502923,3.117606196510053,2.9976654895541115,0.47518559400904703,444811.25565439474,0.47863233675217964,443.6799926757813,448.3999938964844,92.16112242588812,87.2952813711026,0,-1,0,-1,-1,1,
2024-01-24 10:30:00-05:00,VOO,448.05999755859375,449.0299987792969,447.9200134277344,448.4299926757813,665248,0.0,0.0,0.0,,0.08927837367458391,444.6308929443359,439.64212524414063,25,90,0.39999389648443184,0.39999389648443184,-0.0,0.485711669921875,0.1317138671874943,3.687627432808315,78.66724661177031,444.6308929443359,1.5147470974236505,446.6758015258579,442.9646711371699,444.1583727823564,440.87040546505875,3.302283673549425,3.0585891263531746,-0.08110634554042326,-53955.83415807549,0.2924286822823038,443.6799926757813,449.0299987792969,88.78494543919689,89.18417245616581,0,-1,0,-1,-1,0,
2024-01-24 11:30:00-05:00,VOO,448.3800048828125,448.9248046875,448.1900024414063,448.7749938964844,409676,0.0,0.0,0.0,,0.07693535810227026,444.96986236572263,439.858125,25,90,0.34500122070306816,0.34500122070306816,-0.0,0.5202117919921818,0.07571105957030681,6.871014551171387,87.29515752386486,444.96986236572263,1.6467758589665729,447.1930097753275,443.1584089208594,444.59805098370197,441.1803893251147,3.4570690219063636,3.1382851054638126,0.5922418805548318,242627.28465818128,0.3150083347237676,443.6799926757813,449.0299987792969,95.23355903005545,92.0598756317135,0,-1,0,-1,-1,1,
2024-01-24 12:30:00-05:00,VOO,448.9400024414063,449.1896057128906,447.9599914550781,448.489990234375,455036,0.0,0.0,0.0,,-0.06350702824032828,445.2488616943359,440.08052490234377,25,90,-0.285003662109375,0.0,0.285003662109375,0.4902008056640568,0.10421142578124432,4.703906524540439,82.46815589109659,445.2488616943359,1.7489397342887376,447.60993033562573,443.3250279866183,444.96871186471844,441.46704034116414,3.52377153177855,3.2153823907267602,-0.13794301598332176,-62769.0382209868,0.08229130975915663,443.7449951171875,449.1896057128906,87.15031192372582,90.38960546432605,0,-1,0,-1,1,0,
2024-01-24 13:30:00-05:00,VOO,448.510009765625,448.510009765625,446.6099853515625,446.8200073242188,461249,0.0,0.0,0.0,,-0.3723567853283649,445.4373474121094,440.2569250488281,25,90,-1.6699829101561932,0.0,1.6699829101561932,0.4902008056640568,0.2006988525390568,2.442469398616326,70.95108527611191,445.4373474121094,1.7020308383994114,447.73508904394856,443.56511348987004,445.14502571800415,441.6769606150094,3.381206460024316,3.2485472045862718,-0.7789270799870909,-359279.33671696566,-0.1353140026590306,443.7799987792969,449.1896057128906,56.196477530436226,79.5267828280725,0,-1,0,0,1,0,
2024-01-24 14:30:00-05:00,VOO,446.8359069824219,447.5750122070313,446.1099853515625,446.1900024414063,632613,0.0,0.0,0.0,,-0.14099746485957132,445.57884826660154,440.4149249267578,25,90,-0.6300048828125,0.0,0.6300048828125,0.4756988525390568,0.2636993408203068,1.8039440336076276,64.33595007553079,445.57884826660154,1.6366184191557187,447.78828313246174,443.77856800553025,445.2445473107091,441.85394264741717,3.1761074728299263,3.2340592582350025,-0.8907636545431087,-563508.6677914796,-0.636295639047524,443.7799987792969,449.1896057128906,44.5504394624916,62.632409638884546,0,-1,0,0,1,0,
2024-01-24 15:30:00-05:00,VOO,446.2000122070313,447.0,445.75,446.0899963378906,565418,0.0,0.0,0.0,,-0.022413344756377906,445.62634735107423,440.5847247314453,25,90,-0.10000610351568184,0.0,0.10000610351568184,0.4264984130859375,0.273699951171875,1.5582699640969604,60.911083895206175,445.62634735107423,1.6369974326300858,447.83629388512486,443.8256501751811,445.32506626567874,442.0200623999848,2.97555064761184,3.18235753611037,-0.456005859375,-257833.92099609374,-0.7115266413773075,443.7799987792969,449.1896057128906,42.70176349132922,47.81622682808568,0,-1,0,0,1,0,
2024-01-25 09:30:00-05:00,VOO,447.6000061035156,448.760009765625,447.3699951171875,448.55999755859375,788354,0.0,0.0,0.0,,0.5537002042144579,445.81285247802737,440.79552490234374,25,90,2.470001220703125,2.470001220703125,-0.0,0.67349853515625,0.268499755859375,2.5083767134186536,71.4967894931222,445.81285247802737,1.7500636871174586,448.1754384556359,443.88778242219814,445.63315496024205,442.27653044542046,3.036763700198833,3.1532387689280625,0.7122156845525599,561478.0837797488,-0.13082282891172878,443.7799987792969,449.1896057128906,88.36129570917625,58.537832887665694,0,-1,0,-1,1,1,
2024-01-25 10:30:00-05:00,VOO,448.55950927734375,448.6199951171875,447.4100036621094,448.2799987792969,442232,0.0,0.0,0.0,,-0.06242170073587072,445.9913528442383,441.01392517089846,25,90,-0.279998779296875,0.0,0.279998779296875,0.5850006103515625,0.2964996337890625,1.9730230451743054,66.36420287346374,445.9913528442383,1.8126020274957848,448.43836558135763,443.9974906139929,445.8852353239615,442.51196057616073,3.0325641763712383,3.1291038504166977,0.4380186133319882,193705.8474110318,0.2769203243393039,443.7799987792969,449.1896057128906,83.18534147194548,71.41613355748365,0,-1,0,0,-1,1,
2024-01-25 11:30:00-05:00,VOO,448.2799987792969,448.5639953613281,447.0199890136719,447.2099914550781,500489,0.0,0.0,0.0,,-0.23869173889811135,446.16185302734374,441.21172485351565,25,90,-1.07000732421875,0.0,1.07000732421875,0.5625,0.4035003662109375,1.3940507793887413,58.229791589661936,446.16185302734374,1.7550916772977927,448.53122679169576,444.23125218231615,446.01140257454404,442.6961970812163,2.8972057045592123,3.0827242212452006,-0.753883859746215,-377310.5790805234,0.21828826140418958,443.9601135253906,449.1896057128906,62.14519140989729,77.89727619700635,0,-1,0,0,-1,0,
2024-01-25 12:30:00-05:00,VOO,447.239990234375,447.8500061035156,446.7179870605469,446.8800048828125,397038,0.0,0.0,0.0,,-0.0737878353728072,446.2843536376953,441.42932495117185,25,90,-0.329986572265625,0.0,0.329986572265625,0.3214996337890625,0.4364990234375,0.7365414732367581,42.414274843889025,446.2843536376953,1.7128440943301086,448.59669316504096,444.40022513393217,446.09412660390296,442.8602679753966,2.7318394053187944,3.0125472580599197,-0.7137542459696986,-283387.5583113172,-0.3485643985080962,444.4100036621094,449.1896057128906,51.67796804964947,65.66950031049741,0,-1,0,0,1,0,
2024-01-25 13:30:00-05:00,VOO,446.8800048828125,447.3999938964844,446.1700134277344,446.7799987792969,502571,0.0,0.0,0.0,,-0.022378737563311102,446.3788528442383,441.6347247314453,25,90,-0.100006103515625,0.0,0.100006103515625,0.2815002441406193,0.4464996337890625,0.6304601904188952,38.66762243713036,446.3788528442383,1.6837574495100796,448.6519254010769,444.5267196497772,446.1594477634643,443.0139829088829,2.566779788276108,2.9233937641031575,-0.00813815005954744,-4089.9982135768164,-0.47481543120939895,444.4700012207031,449.1896057128906,48.94472751726457,54.255962325603775,0,-1,0,0,1,0,
2024-01-25 14:30:00-05:00,VOO,446.7900085449219,447.4599914550781,446.4599914550781,447.1289978027344,461864,0.0,0.0,0.0,,0.07811428989459301,446.51880340576173,441.87310485839845,25,90,0.3489990234375,0.3489990234375,-0.0,0.2819000244140625,0.4464996337890625,0.6313555557074411,38.70128455434427,446.51880340576173,1.6195984734974285,448.7052613449833,444.73724508491455,446.2517858624424,443.17535604197514,2.4481454460940313,2.8283441005013326,0.3380126953125,156115.8955078125,-0.09648495491066016,445.10980224609375,449.1896057128906,49.49247122008871,50.03838892900092,0,-1,0,0,1,0,
2024-01-25 15:30:00-05:00,VOO,447.1600036621094,448.5199890136719,447.05999755859375,448.5,888125,0.0,0.0,0.0,,0.3066234138253021,446.71229858398436,442.1305047607422,25,90,1.371002197265625,1.371002197265625,-0.0,0.419000244140625,0.417999267578125,1.0023946849675112,50.05979552846121,446.71229858398436,1.6132347911722704,448.89016555206695,444.93774031369486,446.46590149459075,443.3841656089565,2.4696450343357697,2.75660428726822,0.9726176292301583,863806.0319600343,0.5483395567508045,445.75,449.1896057128906,79.95102431926465,59.462741018872634,0,-1,0,0,-1,1,
2024-01-26 09:30:00-05:00,VOO,448.1000061035156,448.7000122070313,447.5950012207031,448.6000061035156,859392,0.0,0.0,0.0,,0.02229790490873018,446.94604949951173,442.3735046386719,25,90,0.100006103515625,0.100006103515625,-0.0,0.4290008544921875,0.2510009765625057,1.7091601011574362,63.08819107542705,446.94604949951173,1.5243558045926415,449.0039298357118,445.26925811445983,446.66914955258363,443.58870837344904,2.4762958748856363,2.7005426047917034,0.8189952774171232,703837.9894500563,0.7802003895742307,445.75,449.1896057128906,82.85851174262925,70.76733576066086,0,-1,0,0,-1,1,
2024-01-26 10:30:00-05:00,VOO,448.6099853515625,449.510009765625,448.5411071777344,449.1199951171875,459720,0.0,0.0,0.0,,0.11591373308004194,447.1985488891602,442.6837048339844,25,90,0.519989013671875,0.519989013671875,-0.0,0.480999755859375,0.18800048828125568,2.5585026946301417,71.89829302338251,447.1985488891602,1.4387284934604083,449.1408323553317,445.6159475463537,446.90256341587923,443.8056215790859,2.5129172112024207,2.663017526073847,0.1949352735519229,89615.64395728998,0.7508299586167597,445.75,449.510009765625,89.62729692877086,84.14561099688825,0,-1,0,0,-1,1,
2024-01-26 11:30:00-05:00,VOO,449.1296997070313,449.2900085449219,448.5700073242188,448.7999877929688,320358,0.0,0.0,0.0,,-0.07125207688318813,447.4104476928711,442.97490478515624,25,90,-0.32000732421869316,0.0,0.32000732421869316,0.480999755859375,0.21000061035155682,2.2904683708020905,69.60918971677464,447.4104476928711,1.3385795718124307,449.2175301148179,445.93801016387744,447.0832704994116,444.0014790776695,2.489397864164289,2.6282935936919354,-0.36116644767510747,-115702.56084430208,0.413396446755991,445.75,449.510009765625,81.11648594247278,84.53409820462429,0,-1,0,0,-1,0,
2024-01-26 12:30:00-05:00,VOO,448.7900085449219,448.7900085449219,447.30999755859375,447.93011474609375,445824,0.0,0.0,0.0,,-0.19382198541331164,447.58145294189455,443.2670672607422,25,90,-0.8698730468750568,0.0,0.8698730468750568,0.2339996337890625,0.2969879150390625,0.7879096149696352,44.06876099175833,447.58145294189455,1.1543229481508088,449.1397889218982,446.31169769892864,447.16392233242897,444.1555432215293,2.3630642959390684,2.575247734141362,-0.16201002123842712,-72227.95570860054,-0.08019798694806948,445.75,449.510009765625,57.98162456983312,76.24180248035893,0,-1,0,0,1,0,
2024-01-26 13:30:00-05:00,VOO,447.9700012207031,448.0199890136719,447.1600036621094,447.7500915527344,361760,0.0,0.0,0.0,,-0.040190017914165654,447.69920806884767,443.5707690429688,25,90,-0.180023193359375,0.0,0.180023193359375,0.2339996337890625,0.2869903564453125,0.8153571314639358,44.91442027202755,447.69920806884767,1.0333200700729628,449.09419016344617,446.5625559917674,447.2197479724581,444.2965059011844,2.224328756995817,2.505063938712253,0.3723207948899929,134690.77075940385,-0.04720078319053499,445.75,449.510009765625,53.193786117784555,64.09729887669683,0,-1,0,0,1,0,
2024-01-26 14:30:00-05:00,VOO,447.739990234375,448.6000061035156,447.5400085449219,448.0098876953125,468461,0.0,0.0,0.0,,0.05802257720979309,447.8187026977539,443.87036682128905,25,90,0.259796142578125,0.259796142578125,-0.0,0.259979248046875,0.1799896240234375,1.4444124179792808,59.09037310378792,447.8187026977539,0.911189880907511,449.04880903697904,446.8163938287556,447.2949993746347,444.4421287166404,2.120710705691465,2.4281932921080953,-0.11343352334888006,-53139.1817815397,0.007306664944624964,445.75,449.510009765625,60.10324004934744,57.09288357898837,0,-1,0,0,1,1,
2024-01-26 15:30:00-05:00,VOO,448.0299987792969,448.2000122070313,447.6099853515625,447.989990234375,1328008,0.0,0.0,0.0,,-0.004441299507884633,447.8167022705078,444.17526672363283,25,90,-0.0198974609375,0.0,0.0198974609375,0.259979248046875,0.148980712890625,1.7450530542013192,63.570831592143755,447.8167022705078,0.910745395533952,449.04620855447865,446.81488233542046,447.36118898032424,444.5812605408653,2.018151722947323,2.3461849782759407,0.28809351401663397,382590.49136220204,0.2150569195113524,446.1700134277344,449.510009765625,54.49038329754672,55.92913648822624,0,-1,0,0,-1,0,
2024-01-29 09:30:00-05:00,VOO,448.2300109863281,448.7099914550781,447.935302734375,448.1500854492188,935680,0.0,0.0,0.0,,0.03573633749271998,447.8027069091797,444.45746826171876,25,90,0.16009521484380684,0.16009521484380684,-0.0,0.2759887695312557,0.1389801025390625,1.9858149799082552,66.50830655184379,447.8027069091797,0.9029422128188087,449.02167889648507,446.80947047507897,447.43632197736184,444.72121445883994,1.9352551638292539,2.2639990153866036,-0.44549931061635906,-416844.79495751485,-0.031987086127752265,446.1700134277344,449.510009765625,59.28365845858821,57.95909393516079,0,-1,0,0,1,1,
2024-01-29 10:30:00-05:00,VOO,448.1300048828125,448.3900146484375,447.7112121582031,448.239990234375,489120,0.0,0.0,0.0,,0.020061311617536326,447.77595672607424,444.7073681640625,25,90,0.08990478515619316,0.08990478515619316,-0.0,0.250079345703125,0.1389801025390625,1.7993895610548736,64.27792637680705,447.77595672607424,0.880261666509654,448.96430997586225,446.8076688929136,447.5128618113631,444.8592056657237,1.8617816373671872,2.1835555397827204,0.5579732949692038,272915.8980353369,0.08669750830425675,446.1700134277344,449.510009765625,61.9754214445612,58.58315440023205,0,-1,0,0,1,1,
2024-01-29 11:30:00-05:00,VOO,448.260009765625,448.9200134277344,448.2300109863281,448.70989990234375,361943,0.0,0.0,0.0,,0.10483439188972987,447.78695220947264,444.9569659423828,25,90,0.46990966796875,0.46990966796875,-0.0,0.1599700927734375,0.1389801025390625,1.1510287433301858,53.51061657819518,447.78695220947264,0.8909586623236518,448.98974640360956,446.8068976809166,447.6268654390755,445.0102132828461,1.8343829467748947,2.1137210211811555,0.39097744360902253,141511.54887218046,-0.0013529355089104463,446.1700134277344,449.510009765625,76.0445886061492,65.76788950309954,0,-1,0,0,1,1,
2024-01-29 12:30:00-05:00,VOO,448.7099914550781,449.010009765625,448.3299865722656,448.8599853515625,405111,0.0,0.0,0.0,,0.033448214369991014,447.88895111083986,445.23016540527345,25,90,0.15008544921875,0.15008544921875,-0.0,0.16497802734375,0.1389801025390625,1.1870622076809907,54.27656348831839,447.88895111083986,0.891205027409625,449.09207789784284,446.90862558068926,447.74430543074095,445.16118473652125,1.8121752001998175,2.053411856984888,0.5587667728761836,226362.56612664362,0.5101124629503248,446.1700134277344,449.510009765625,80.5381698570058,72.8527266359054,0,-1,0,0,-1,1,
2024-01-29 13:30:00-05:00,VOO,448.8800048828125,449.2950134277344,448.5700073242188,449.2000122070313,359679,0.0,0.0,0.0,,0.07575343460444195,448.0394515991211,445.5244659423828,25,90,0.34002685546880684,0.34002685546880684,-0.0,0.1469818115234432,0.1389801025390625,1.0575744933137583,51.399086485103,448.0394515991211,0.8419941334288114,449.17614367925,447.1132580523494,447.88294417134,445.3195701275216,1.8132616988074801,2.0053818253494065,0.7379298733006372,265417.8788988999,0.5620603939866181,446.4599914550781,449.510009765625,89.8362066377854,82.1396550336468,0,-1,0,-1,-1,1,
2024-01-29 14:30:00-05:00,VOO,449.2300109863281,451.60980224609375,449.1400146484375,451.1700134277344,769200,0.0,0.0,0.0,,0.4385576952734116,448.29345245361327,445.80586608886716,25,90,1.9700012207030682,1.9700012207030682,-0.0,0.34398193359375,0.10697937011719319,3.2154043645697907,76.27748340337318,448.29345245361327,0.97817879001362,449.61399382013167,447.2174557845983,448.1959983862347,445.5489992765496,1.9956428085008042,2.003434021979686,0.6438650685777833,495261.01075003087,0.6434471253238774,447.05999755859375,451.60980224609375,90.33389675896115,86.90275775125077,0,-1,0,-1,-1,1,
2024-01-29 15:30:00-05:00,VOO,451.1900024414063,451.5799865722656,450.6799926757813,451.5,897395,0.0,0.0,0.0,,0.07314018273478773,448.4404525756836,446.08006591796874,25,90,0.329986572265625,0.329986572265625,-0.0,0.3769805908203125,0.0199920654296875,18.856510456418867,94.96386838868389,448.4404525756836,1.2130553273252955,450.0780772675727,447.1060917156258,448.5106652065933,445.78237185393976,2.1579578011549643,2.034338777814742,0.8222508561934038,737883.8070936796,0.7395656741105154,447.1600036621094,451.60980224609375,97.5324221080714,92.56750850160597,-1,-1,-1,-1,-1,1,
2024-01-30 09:30:00-05:00,VOO,450.8399963378906,451.5480041503906,450.6400146484375,451.0150146484375,859330,0.0,0.0,0.0,,-0.10741646767719049,448.57720336914065,446.34296630859376,25,90,-0.4849853515625,0.0,0.4849853515625,0.3769805908203125,0.05048828125,7.466694874274661,88.1890157275135,448.57720336914065,1.3413891105346636,450.3880786683624,447.10167534755254,448.7491746772451,445.98757353215535,2.221533984298958,2.071777819111585,-0.17399926057876516,-149522.78459315028,0.4290000824452667,447.1600036621094,451.60980224609375,86.63338156929176,91.49990014544143,0,-1,0,-1,-1,0,
2024-01-30 10:30:00-05:00,VOO,451.0299987792969,451.3500061035156,450.6400146484375,451.3127136230469,358340,0.0,0.0,0.0,,0.06600644434009428,448.78233947753904,446.5846203613281,25,90,0.297698974609375,0.297698974609375,-0.0,0.3807708740234375,0.05048828125,7.541767408123791,88.29282100272441,448.78233947753904,1.431953057949605,450.715476105771,447.20719111379447,448.99332124351196,446.1964025553276,2.283655076511991,2.1141532705916664,0.8949494949494949,320696.202020202,0.4298010815368471,447.1600036621094,451.60980224609375,93.3235489777863,92.49645088504981,0,-1,0,-1,-1,1,
2024-01-30 11:30:00-05:00,VOO,451.3299865722656,451.6799926757813,450.80999755859375,450.8294067382813,401186,0.0,0.0,0.0,,-0.10708913579803303,448.9798095703125,446.79998046875,25,90,-0.48330688476556816,0.0,0.48330688476556816,0.3807708740234375,0.09682922363280681,3.932396230577936,79.72587859425015,448.9798095703125,1.4281202284667744,450.90777187874266,447.40887731899903,449.1681865287281,446.3780889938748,2.266156676776518,2.144553951828637,-0.9553809456993251,-383285.46008132945,-0.13102588658551312,447.1600036621094,451.6799926757813,81.18168130658786,87.04620395122197,0,-1,0,0,1,0,
2024-01-30 12:30:00-05:00,VOO,450.7999877929688,451.1900024414063,450.4400024414063,451.1600036621094,375746,0.0,0.0,0.0,,0.07333082511629119,449.1988098144531,447.0133807373047,25,90,0.33059692382806816,0.33059692382806816,-0.0,0.39782104492186365,0.09682922363280681,4.108481200164012,80.42471018650525,449.1988098144531,1.4087298679293467,451.1005951361577,447.6492069597308,449.3578833985739,446.5656150592958,2.2662962645903804,2.1689024143809856,0.9200032552081817,345687.54313145345,0.249366041856336,447.1600036621094,451.6799926757813,88.49579031942149,87.66700686793187,0,-1,0,-1,-1,1,
2024-01-30 13:30:00-05:00,VOO,451.1700134277344,451.4700012207031,450.75,451.4457092285156,310474,0.0,0.0,0.0,,0.06332688272168152,449.4146453857422,447.2023828125,25,90,0.28570556640625,0.28570556640625,-0.0,0.4174011230468693,0.09682922363280681,4.310693687163358,81.17006818869763,449.4146453857422,1.405601806148576,451.31220782404273,447.86848339897875,449.55672395380645,446.756991301226,2.2760726126932127,2.190336454043431,0.9325223583266223,289523.94667909975,0.23167614463155808,447.5400085449219,451.6799926757813,94.3409578428252,88.00614315627818,0,-1,0,-1,-1,1,
2024-01-30 14:30:00-05:00,VOO,451.4407043457031,451.80999755859375,451.2000122070313,451.6000061035156,368015,0.0,0.0,0.0,,0.03417838996935263,449.569645690918,447.3761828613281,25,90,0.154296875,0.154296875,-0.0,0.3858398437499943,0.09682922363280681,3.984745816130529,79.9387965427641,449.569645690918,1.4689297160742045,451.5527008076182,447.9538230032364,449.75132225377877,446.9469134503354,2.2803675265577112,2.2083426685462872,0.311486892135217,114631.84860914189,0.7112677329245333,447.6099853515625,451.80999755859375,95.00021798206734,92.61232204810467,0,-1,0,-1,-1,1,
2024-01-30 15:30:00-05:00,VOO,451.6000061035156,451.6400146484375,450.989990234375,451.1600036621094,492495,0.0,0.0,0.0,,-0.09743189447729561,449.69764556884763,447.5383770751953,25,90,-0.44000244140625,0.0,0.44000244140625,0.3708312988281193,0.1408294677734318,2.633193923765425,72.47600813546433,449.69764556884763,1.4913556862734927,451.71097574531683,448.0571543139468,449.8854823879055,447.1121326743265,2.220932920620271,2.210860718961084,-0.4769014084507042,-234871.55915492956,0.14456579776778536,447.7112121582031,451.80999755859375,84.14179243386519,91.16098941958592,0,-1,0,0,-1,0,
